0	0	0	8	0	0	0	-44	0	4	0	8	0	-592	0	401	0	3926	0	-1	0	0	0	14	0	-0.0146738458	0	-0.0017263348	0	0.0181265157	0	0	0	0	0	0	0	0	0	0	0	0	0	0	0	0	0	-8	0	-0.0243114047	0	-0.002367301	0	0.02895558	0	0	0	0	0	0
1	0	1	8	1	0	1	-48	1	0	1	0	1	-912	1	-2094	1	-3870	1	-1	1	0	1	16	1	-0.0155370133	1	-0.0008631674	1	0.0207160171	1	0	1	0	1	0	1	0	1	0	1	0	1	0	1	0	1	0	1	-0.0243114047	1	-0.002367301	1	0.03595317	1	0	1	0	1	0
2	0	2	8	2	0	2	-36	2	-8	2	0	2	3724	2	-222	2	915	2	1	2	0	2	14	2	-0.0120843435	2	-0.0008631674	2	0.0172633473	2	0	2	0	2	0	2	0	2	0	2	0	2	0	2	0	2	0	2	-0.0243114047	2	-0.002367301	2	0.0315557569	2	0	2	0	2	0
3	0	3	8	3	0	3	-40	3	0	3	-4	3	-716	3	1632	3	-4031	3	-1	3	0	3	16	3	-0.0155370133	3	-0.0017263348	3	0.01985285	3	0	3	0	3	0	3	0	3	0	3	0	3	0	3	0	3	4	3	-0.0243114047	3	-0.002367301	3	0.0362014621	3	0	3	0	3	0
4	0	4	8	4	0	4	-44	4	0	4	-4	4	117	4	1514	4	-1152	4	2	4	0	4	14	4	-0.0103580086	4	-0.0017263348	4	0.0181265157	4	0	4	0	4	0	4	0	4	0	4	0	4	0	4	0	4	4	4	-0.0243114047	4	-0.002367301	4	0.0336373821	4	0	4	0	4	0
5	0	5	8	5	0	5	-44	5	0	5	4	5	-1183	5	-1374	5	1845	5	-1	5	0	5	13	5	-0.0146738458	5	-0.0017263348	5	0.01640018	5	0	5	0	5	0	5	0	5	0	5	0	5	0	5	0	5	-4	5	-0.0243114047	5	-0.002367301	5	0.03070209	5	0	5	0	5	0
6	0	6	8	6	0	6	-44	6	-4	6	-4	6	1074	6	201	6	-56	6	2	6	0	6	16	6	-0.011221176	6	-0.0017263348	6	0.0207160171	6	0	6	0	6	0	6	0	6	0	6	0	6	0	6	0	6	4	6	-0.0243114047	6	-0.002367301	6	0.03270869	6	0	6	0	6	0
7	0	7	8	7	0	7	-48	7	-8	7	0	7	-1212	7	-4642	7	670	7	-1	7	1	7	16	7	-0.0146738458	7	0	7	0.01985285	7	0	7	0	7	0	7	0	7	0	7	0	7	0	7	0	7	0	7	-0.0243114047	7	-0.002367301	7	0.031867452	7	0	7	0	7	0
8	0	8	8	8	0	8	-48	8	0	8	-4	8	99	8	897	8	-474	8	2	8	0	8	14	8	-0.0103580086	8	-0.0008631674	8	0.0181265157	8	0	8	0	8	0	8	0	8	0	8	0	8	0	8	0	8	4	8	-0.0243114047	8	-0.002367301	8	0.0328849331	8	0	8	0	8	0
9	0	9	8	9	0	9	-44	9	0	9	4	9	1325	9	-1893	9	1066	9	1	9	0	9	15	9	-0.0120843435	9	-0.0017263348	9	0.0189896822	9	0	9	0	9	0	9	0	9	0	9	0	9	0	9	0	9	-4	9	-0.0243114047	9	-0.002367301	9	0.0314881355	9	0	9	0	9	0
10	0	10	8	10	0	10	-36	10	0	10	0	10	2256	10	-973	10	-813	10	1	10	-1	10	14	10	-0.0129475109	10	-0.00258950214	10	0.0172633473	10	0	10	0	10	0	10	0	10	0	10	0	10	0	10	0	10	0	10	-0.0243114047	10	-0.002367301	10	0.0332818255	10	0	10	0	10	0
11	0	11	8	11	0	11	-44	11	0	11	4	11	-1108	11	475	11	4631	11	1	11	0	11	16	11	-0.0129475109	11	-0.0017263348	11	0.0207160171	11	0	11	0	11	0	11	0	11	0	11	0	11	0	11	0	11	-4	11	-0.0243114047	11	-0.002367301	11	0.0283150654	11	0	11	0	11	0
12	0	12	8	12	0	12	-40	12	-8	12	-4	12	536	12	-3128	12	-3733	12	-1	12	0	12	15	12	-0.0155370133	12	-0.0017263348	12	0.0189896822	12	0	12	0	12	0	12	0	12	0	12	0	12	0	12	0	12	4	12	-0.0243114047	12	-0.002367301	12	0.0358828381	12	0	12	0	12	0
13	0	13	8	13	0	13	-44	13	-4	13	-8	13	-250	13	-4110	13	-3848	13	2	13	0	13	14	13	-0.011221176	13	-0.0008631674	13	0.0181265157	13	0	13	0	13	0	13	0	13	0	13	0	13	0	13	0	13	8	13	-0.0243114047	13	-0.002367301	13	0.03616734	13	0	13	0	13	0
14	0	14	8	14	0	14	-44	14	0	14	0	14	997	14	-751	14	-1178	14	2	14	-1	14	14	14	-0.011221176	14	-0.00258950214	14	0.0172633473	14	0	14	0	14	0	14	0	14	0	14	0	14	0	14	0	14	0	14	-0.0243114047	14	-0.002367301	14	0.03370919	14	0	14	0	14	0
15	0	15	8	15	0	15	-44	15	0	15	0	15	210	15	-344	15	1060	15	1	15	0	15	14	15	-0.0120843435	15	-0.0017263348	15	0.0172633473	15	0	15	0	15	0	15	0	15	0	15	0	15	0	15	0	15	0	15	-0.0243114047	15	-0.002367301	15	0.03148055	15	0	15	0	15	0
16	0	16	8	16	0	16	-40	16	4	16	0	16	1788	16	3906	16	-409	16	-2	16	0	16	17	16	-0.01640018	16	-0.0008631674	16	0.0215791855	16	0	16	0	16	0	16	0	16	0	16	0	16	0	16	0	16	0	16	-0.0243114047	16	-0.002367301	16	0.03302236	16	0	16	0	16	0
17	0	17	8	17	0	17	-32	17	-4	17	0	17	1616	17	-1535	17	2057	17	1	17	0	17	14	17	-0.0129475109	17	-0.0017263348	17	0.0181265157	17	0	17	0	17	0	17	0	17	0	17	0	17	0	17	0	17	0	17	-0.0243114047	17	-0.002367301	17	0.03071759	17	0	17	0	17	0
18	0	18	8	18	0	18	-44	18	0	18	4	18	-2335	18	2601	18	81	18	-1	18	0	18	16	18	-0.0146738458	18	-0.0017263348	18	0.0207160171	18	0	18	0	18	0	18	0	18	0	18	0	18	0	18	0	18	-4	18	-0.0243114047	18	-0.002367301	18	0.03244579	18	0	18	0	18	0
19	0	19	8	19	0	19	-40	19	0	19	0	19	-46	19	-445	19	-692	19	-1	19	0	19	16	19	-0.0146738458	19	-0.0017263348	19	0.0207160171	19	0	19	0	19	0	19	0	19	0	19	0	19	0	19	0	19	0	19	-0.0243114047	19	-0.002367301	19	0.0331612378	19	0	19	0	19	0
20	0	20	8	20	0	20	-40	20	0	20	4	20	1783	20	2156	20	3270	20	1	20	0	20	14	20	-0.0120843435	20	-0.0017263348	20	0.0172633473	20	0	20	0	20	0	20	0	20	0	20	0	20	0	20	0	20	-4	20	-0.0243114047	20	-0.002367301	20	0.02955976	20	0	20	0	20	0
21	0	21	8	21	0	21	-44	21	0	21	0	21	67	21	-303	21	-1214	21	-1	21	0	21	13	21	-0.0155370133	21	-0.0008631674	21	0.01640018	21	0	21	0	21	0	21	0	21	0	21	0	21	0	21	0	21	0	21	-0.0243114047	21	-0.002367301	21	0.0336004123	21	0	21	0	21	0
22	0	22	8	22	0	22	-48	22	0	22	-4	22	-2382	22	-791	22	-4006	22	2	22	0	22	16	22	-0.011221176	22	-0.0017263348	22	0.01985285	22	0	22	0	22	0	22	0	22	0	22	0	22	0	22	0	22	4	22	-0.0243114047	22	-0.002367301	22	0.0361722261	22	0	22	0	22	0
23	0	23	8	23	0	23	-44	23	4	23	-4	23	-2790	23	1218	23	-120	23	-1	23	1	23	14	23	-0.0155370133	23	0	23	0.0172633473	23	0	23	0	23	0	23	0	23	0	23	0	23	0	23	0	23	4	23	-0.0243114047	23	-0.002367301	23	0.03274764	23	0	23	0	23	0
24	0	24	8	24	0	24	-44	24	0	24	4	24	583	24	-839	24	1107	24	1	24	0	24	13	24	-0.0120843435	24	-0.0008631674	24	0.01640018	24	0	24	0	24	0	24	0	24	0	24	0	24	0	24	0	24	-4	24	-0.0243114047	24	-0.002367301	24	0.03135155	24	0	24	0	24	0
25	0	25	8	25	0	25	-44	25	4	25	4	25	1214	25	3862	25	-972	25	-1	25	0	25	15	25	-0.0146738458	25	-0.0017263348	25	0.0189896822	25	0	25	0	25	0	25	0	25	0	25	0	25	0	25	0	25	-4	25	-0.0243114047	25	-0.002367301	25	0.0333075821	25	0	25	0	25	0
26	0	26	8	26	0	26	-40	26	0	26	0	26	-580	26	39	26	949	26	1	26	0	26	13	26	-0.0120843435	26	-0.0008631674	26	0.01640018	26	0	26	0	26	0	26	0	26	0	26	0	26	0	26	0	26	0	26	-0.0243114047	26	-0.002367301	26	0.0315719768	26	0	26	0	26	0
27	0	27	8	27	0	27	-44	27	0	27	0	27	-298	27	-1325	27	672	27	1	27	0	27	14	27	-0.0120843435	27	-0.0017263348	27	0.0181265157	27	0	27	0	27	0	27	0	27	0	27	0	27	0	27	0	27	0	27	-0.0243114047	27	-0.002367301	27	0.0318245068	27	0	27	0	27	0
28	0	28	8	28	0	28	-44	28	-4	28	4	28	176	28	1096	28	1649	28	-1	28	0	28	15	28	-0.0146738458	28	-0.0017263348	28	0.0189896822	28	0	28	0	28	0	28	0	28	0	28	0	28	0	28	0	28	-4	28	-0.0243114047	28	-0.002367301	28	0.0310427938	28	0	28	0	28	0
29	0	29	8	29	0	29	-48	29	0	29	0	29	-732	29	1323	29	-194	29	1	29	0	29	16	29	-0.0120843435	29	-0.0008631674	29	0.0207160171	29	0	29	0	29	0	29	0	29	0	29	0	29	0	29	0	29	0	29	-0.0243114047	29	-0.002367301	29	0.03262031	29	0	29	0	29	0
30	0	30	8	30	0	30	-44	30	0	30	-4	30	-1090	30	1403	30	-2013	30	-1	30	-1	30	15	30	-0.0146738458	30	-0.00258950214	30	0.0189896822	30	0	30	0	30	0	30	0	30	0	30	0	30	0	30	0	30	4	30	-0.0243114047	30	-0.002367301	30	0.03428503	30	0	30	0	30	0
31	0	31	8	31	0	31	-48	31	0	31	0	31	-2002	31	2407	31	106	31	2	31	0	31	15	31	-0.011221176	31	-0.0017263348	31	0.0189896822	31	0	31	0	31	0	31	0	31	0	31	0	31	0	31	0	31	0	31	-0.0243114047	31	-0.002367301	31	0.0324316025	31	0	31	0	31	0
32	0	32	8	32	0	32	-48	32	4	32	0	32	-2140	32	4463	32	2627	32	0	32	-1	32	16	32	-0.0138106784	32	-0.00258950214	32	0.0207160171	32	0	32	0	32	0	32	0	32	0	32	0	32	0	32	0	32	0	32	-0.0243114047	32	-0.002367301	32	0.0302505177	32	0	32	0	32	0
33	0	33	8	33	0	33	-44	33	0	33	4	33	-932	33	1633	33	-100	33	3	33	0	33	13	33	-0.009494841	33	-0.0017263348	33	0.01640018	33	0	33	0	33	0	33	0	33	0	33	0	33	0	33	0	33	-4	33	-0.0243114047	33	-0.002367301	33	0.0325007364	33	0	33	0	33	0
34	0	34	8	34	0	34	-44	34	0	34	4	34	646	34	-210	34	2316	34	1	34	0	34	16	34	-0.0129475109	34	-0.0008631674	34	0.01985285	34	0	34	0	34	0	34	0	34	0	34	0	34	0	34	0	34	-4	34	-0.0243114047	34	-0.002367301	34	0.03043159	34	0	34	0	34	0
35	0	35	8	35	0	35	-44	35	-8	35	-4	35	286	35	-3248	35	-3170	35	2	35	-1	35	14	35	-0.011221176	35	-0.00258950214	35	0.0181265157	35	0	35	0	35	0	35	0	35	0	35	0	35	0	35	0	35	4	35	-0.0243114047	35	-0.002367301	35	0.03542091	35	0	35	0	35	0
36	0	36	8	36	0	36	-48	36	4	36	0	36	-1609	36	2637	36	997	36	1	36	0	36	14	36	-0.0129475109	36	-0.0017263348	36	0.0181265157	36	0	36	0	36	0	36	0	36	0	36	0	36	0	36	0	36	0	36	-0.0243114047	36	-0.002367301	36	0.03171479	36	0	36	0	36	0
37	0	37	8	37	0	37	-48	37	-4	37	0	37	-1618	37	-1955	37	141	37	-1	37	0	37	13	37	-0.0155370133	37	-0.0017263348	37	0.01640018	37	0	37	0	37	0	37	0	37	0	37	0	37	0	37	0	37	0	37	-0.0243114047	37	-0.002367301	37	0.032237	37	0	37	0	37	0
38	0	38	8	38	0	38	-48	38	-4	38	-4	38	1146	38	-1463	38	231	38	1	38	1	38	14	38	-0.0120843435	38	0	38	0.0181265157	38	0	38	0	38	0	38	0	38	0	38	0	38	0	38	0	38	4	38	-0.0243114047	38	-0.002367301	38	0.03229834	38	0	38	0	38	0
39	0	39	8	39	0	39	-48	39	0	39	-4	39	-3197	39	2419	39	-2399	39	0	39	0	39	14	39	-0.0138106784	39	-0.0017263348	39	0.0181265157	39	0	39	0	39	0	39	0	39	0	39	0	39	0	39	0	39	4	39	-0.0243114047	39	-0.002367301	39	0.0347616673	39	0	39	0	39	0
40	0	40	8	40	0	40	-44	40	0	40	4	40	1461	40	956	40	2795	40	3	40	1	40	15	40	-0.008631674	40	0	40	0.0189896822	40	0	40	0	40	0	40	0	40	0	40	0	40	0	40	0	40	-4	40	-0.0243114047	40	-0.002367301	40	0.0299814027	40	0	40	0	40	0
41	0	41	8	41	0	41	-48	41	0	41	4	41	-2497	41	629	41	-358	41	-1	41	-1	41	16	41	-0.0155370133	41	-0.00258950214	41	0.0207160171	41	0	41	0	41	0	41	0	41	0	41	0	41	0	41	0	41	-4	41	-0.0243114047	41	-0.002367301	41	0.032800816	41	0	41	0	41	0
42	0	42	8	42	0	42	-40	42	-4	42	0	42	2833	42	612	42	1762	42	2	42	0	42	15	42	-0.011221176	42	-0.0008631674	42	0.0189896822	42	0	42	0	42	0	42	0	42	0	42	0	42	0	42	0	42	0	42	-0.0243114047	42	-0.002367301	42	0.0308887679	42	0	42	0	42	0
43	0	43	8	43	0	43	-36	43	0	43	4	43	108	43	1772	43	36	43	-1	43	0	43	16	43	-0.0146738458	43	-0.0008631674	43	0.01985285	43	0	43	0	43	0	43	0	43	0	43	0	43	0	43	0	43	-4	43	-0.0243114047	43	-0.002367301	43	0.0324398428	43	0	43	0	43	0
44	0	44	8	44	0	44	-40	44	0	44	-4	44	205	44	-335	44	-413	44	0	44	0	44	14	44	-0.0138106784	44	-0.0008631674	44	0.0181265157	44	0	44	0	44	0	44	0	44	0	44	0	44	0	44	0	44	4	44	-0.0243114047	44	-0.002367301	44	0.03299602	44	0	44	0	44	0
45	0	45	8	45	0	45	-40	45	-4	45	-4	45	3158	45	-2806	45	-576	45	1	45	0	45	14	45	-0.0129475109	45	-0.0008631674	45	0.0172633473	45	0	45	0	45	0	45	0	45	0	45	0	45	0	45	0	45	4	45	-0.0243114047	45	-0.002367301	45	0.0330543146	45	0	45	0	45	0
46	0	46	8	46	0	46	-44	46	-4	46	0	46	1449	46	-1168	46	-1712	46	1	46	0	46	17	46	-0.0129475109	46	-0.0017263348	46	0.0215791855	46	0	46	0	46	0	46	0	46	0	46	0	46	0	46	0	46	0	46	-0.0243114047	46	-0.002367301	46	0.0341190919	46	0	46	0	46	0
47	0	47	8	47	0	47	-48	47	-4	47	0	47	-2540	47	-328	47	-284	47	1	47	0	47	14	47	-0.0120843435	47	-0.0017263348	47	0.0181265157	47	0	47	0	47	0	47	0	47	0	47	0	47	0	47	0	47	0	47	-0.0243114047	47	-0.002367301	47	0.0328355953	47	0	47	0	47	0
48	0	48	8	48	0	48	-44	48	-4	48	0	48	-709	48	-1732	48	-679	48	1	48	-1	48	15	48	-0.0129475109	48	-0.00258950214	48	0.0189896822	48	0	48	0	48	0	48	0	48	0	48	0	48	0	48	0	48	0	48	-0.0243114047	48	-0.002367301	48	0.0330146477	48	0	48	0	48	0
49	0	49	8	49	0	49	-40	49	0	49	0	49	4952	49	638	49	-15	49	1	49	0	49	15	49	-0.0129475109	49	-0.0008631674	49	0.0189896822	49	0	49	0	49	0	49	0	49	0	49	0	49	0	49	0	49	0	49	-0.0243114047	49	-0.002367301	49	0.03261991	49	0	49	0	49	0
50	0	50	8	50	0	50	-48	50	0	50	4	50	-3699	50	-151	50	387	50	0	50	0	50	15	50	-0.0138106784	50	-0.0017263348	50	0.0189896822	50	0	50	0	50	0	50	0	50	0	50	0	50	0	50	0	50	-4	50	-0.0243114047	50	-0.002367301	50	0.03205447	50	0	50	0	50	0
51	0	51	8	51	0	51	-48	51	-4	51	-4	51	-1234	51	-1816	51	-3540	51	1	51	0	51	14	51	-0.0129475109	51	-0.0017263348	51	0.0172633473	51	0	51	0	51	0	51	0	51	0	51	0	51	0	51	0	51	4	51	-0.0243114047	51	-0.002367301	51	0.0357292369	51	0	51	0	51	0
52	0	52	8	52	0	52	-48	52	0	52	4	52	173	52	633	52	2748	52	-1	52	0	52	14	52	-0.0146738458	52	-0.0017263348	52	0.0172633473	52	0	52	0	52	0	52	0	52	0	52	0	52	0	52	0	52	-4	52	-0.0243114047	52	-0.002367301	52	0.0299824383	52	0	52	0	52	0
53	0	53	8	53	0	53	-36	53	-4	53	-4	53	1557	53	-1055	53	-1971	53	1	53	0	53	17	53	-0.0120843435	53	-0.0017263348	53	0.0215791855	53	0	53	0	53	0	53	0	53	0	53	0	53	0	53	0	53	4	53	-0.0243114047	53	-0.002367301	53	0.0344502777	53	0	53	0	53	0
54	0	54	8	54	0	54	-52	54	0	54	4	54	-2742	54	461	54	2287	54	0	54	0	54	13	54	-0.0138106784	54	-0.0008631674	54	0.01640018	54	0	54	0	54	0	54	0	54	0	54	0	54	0	54	0	54	-4	54	-0.0243114047	54	-0.002367301	54	0.0303729977	54	0	54	0	54	0
55	0	55	8	55	0	55	-40	55	-4	55	0	55	2660	55	-2736	55	973	55	1	55	0	55	14	55	-0.0129475109	55	-0.0017263348	55	0.0172633473	55	0	55	0	55	0	55	0	55	0	55	0	55	0	55	0	55	0	55	-0.0243114047	55	-0.002367301	55	0.0316125378	55	0	55	0	55	0
56	0	56	8	56	0	56	-36	56	0	56	4	56	2175	56	662	56	1386	56	2	56	-1	56	15	56	-0.011221176	56	-0.00258950214	56	0.0189896822	56	0	56	0	56	0	56	0	56	0	56	0	56	0	56	0	56	-4	56	-0.0243114047	56	-0.002367301	56	0.03128367	56	0	56	0	56	0
57	0	57	8	57	0	57	-40	57	0	57	0	57	1591	57	-887	57	-371	57	-2	57	-1	57	14	57	-0.01640018	57	-0.00258950214	57	0.0172633473	57	0	57	0	57	0	57	0	57	0	57	0	57	0	57	0	57	0	57	-0.0243114047	57	-0.002367301	57	0.0328039452	57	0	57	0	57	0
58	0	58	8	58	0	58	-40	58	0	58	4	58	344	58	-618	58	4883	58	2	58	0	58	15	58	-0.011221176	58	-0.0017263348	58	0.0189896822	58	0	58	0	58	0	58	0	58	0	58	0	58	0	58	0	58	-4	58	-0.0243114047	58	-0.002367301	58	0.0280068126	58	0	58	0	58	0
59	0	59	8	59	0	59	-48	59	0	59	0	59	-632	59	-2209	59	-2251	59	-1	59	0	59	18	59	-0.0155370133	59	-0.0017263348	59	0.02330552	59	0	59	0	59	0	59	0	59	0	59	0	59	0	59	0	59	0	59	-0.0243114047	59	-0.002367301	59	0.03463754	59	0	59	0	59	0
60	0	60	8	60	0	60	-40	60	-12	60	4	60	2498	60	-2459	60	2508	60	1	60	0	60	12	60	-0.0129475109	60	-0.0008631674	60	0.0146738458	60	0	60	0	60	0	60	0	60	0	60	0	60	0	60	0	60	-4	60	-0.0243114047	60	-0.002367301	60	0.0301676113	60	0	60	0	60	0
61	0	61	8	61	0	61	-48	61	0	61	4	61	-619	61	2977	61	211	61	-1	61	-1	61	16	61	-0.0146738458	61	-0.0034526696	61	0.01985285	61	0	61	0	61	0	61	0	61	0	61	0	61	0	61	0	61	-4	61	-0.0243114047	61	-0.002367301	61	0.0323344842	61	0	61	0	61	0
62	0	62	8	62	0	62	-44	62	-4	62	-4	62	-3168	62	-2714	62	-3338	62	0	62	-2	62	16	62	-0.0138106784	62	-0.004315837	62	0.01985285	62	0	62	0	62	0	62	0	62	0	62	0	62	0	62	0	62	4	62	-0.0243114047	62	-0.002367301	62	0.03555607	62	0	62	0	62	0
63	0	63	8	63	0	63	-40	63	-4	63	-4	63	3003	63	1246	63	-2072	63	1	63	0	63	14	63	-0.0129475109	63	-0.0017263348	63	0.0172633473	63	0	63	0	63	0	63	0	63	0	63	0	63	0	63	0	63	4	63	-0.0243114047	63	-0.002367301	63	0.03444264	63	0	63	0	63	0
64	0	64	8	64	0	64	-48	64	-4	64	0	64	-1707	64	-625	64	1173	64	0	64	-1	64	16	64	-0.0138106784	64	-0.00258950214	64	0.01985285	64	0	64	0	64	0	64	0	64	0	64	0	64	0	64	0	64	0	64	-0.0243114047	64	-0.002367301	64	0.0314667448	64	0	64	0	64	0
65	0	65	8	65	0	65	-44	65	0	65	0	65	982	65	-2128	65	-3069	65	1	65	0	65	14	65	-0.0120843435	65	-0.0017263348	65	0.0172633473	65	0	65	0	65	0	65	0	65	0	65	0	65	0	65	0	65	0	65	-0.0243114047	65	-0.002367301	65	0.03523249	65	0	65	0	65	0
66	0	66	8	66	0	66	-44	66	0	66	-4	66	-49	66	868	66	-1781	66	2	66	0	66	16	66	-0.011221176	66	-0.0017263348	66	0.01985285	66	0	66	0	66	0	66	0	66	0	66	0	66	0	66	0	66	4	66	-0.0243114047	66	-0.002367301	66	0.03418935	66	0	66	0	66	0
67	0	67	8	67	0	67	-40	67	-8	67	4	67	1181	67	-3582	67	3433	67	3	67	0	67	16	67	-0.009494841	67	-0.0008631674	67	0.01985285	67	0	67	0	67	0	67	0	67	0	67	0	67	0	67	0	67	-4	67	-0.0243114047	67	-0.002367301	67	0.0293675978	67	0	67	0	67	0
68	0	68	8	68	0	68	-48	68	0	68	0	68	-1016	68	526	68	-2771	68	-1	68	-1	68	16	68	-0.0146738458	68	-0.00258950214	68	0.01985285	68	0	68	0	68	0	68	0	68	0	68	0	68	0	68	0	68	0	68	-0.0243114047	68	-0.002367301	68	0.0349389166	68	0	68	0	68	0
69	0	69	8	69	0	69	-44	69	0	69	4	69	-186	69	1022	69	3248	69	2	69	0	69	14	69	-0.011221176	69	-0.0017263348	69	0.0181265157	69	0	69	0	69	0	69	0	69	0	69	0	69	0	69	0	69	-4	69	-0.0243114047	69	-0.002367301	69	0.0295697171	69	0	69	0	69	0
70	0	70	8	70	0	70	-44	70	0	70	0	70	-1236	70	-645	70	-1977	70	1	70	0	70	15	70	-0.0129475109	70	-0.0017263348	70	0.0189896822	70	0	70	0	70	0	70	0	70	0	70	0	70	0	70	0	70	0	70	-0.0243114047	70	-0.002367301	70	0.0342887938	70	0	70	0	70	0
71	0	71	8	71	0	71	-52	71	-4	71	-4	71	-2043	71	-1503	71	-1038	71	0	71	0	71	13	71	-0.0138106784	71	-0.0017263348	71	0.01640018	71	0	71	0	71	0	71	0	71	0	71	0	71	0	71	0	71	4	71	-0.0243114047	71	-0.002367301	71	0.0334332436	71	0	71	0	71	0
72	0	72	8	72	0	72	-44	72	-4	72	0	72	-487	72	-1239	72	1203	72	-1	72	0	72	14	72	-0.0146738458	72	-0.0017263348	72	0.0181265157	72	0	72	0	72	0	72	0	72	0	72	0	72	0	72	0	72	0	72	-0.0243114047	72	-0.002367301	72	0.0313887671	72	0	72	0	72	0
73	0	73	8	73	0	73	-44	73	-4	73	0	73	-123	73	10	73	-1572	73	-1	73	-1	73	14	73	-0.0155370133	73	-0.00258950214	73	0.0172633473	73	0	73	0	73	0	73	0	73	0	73	0	73	0	73	0	73	0	73	-0.0243114047	73	-0.002367301	73	0.03399811	73	0	73	0	73	0
74	0	74	8	74	0	74	-40	74	-4	74	-4	74	589	74	-1931	74	-2467	74	2	74	0	74	16	74	-0.0103580086	74	-0.0008631674	74	0.01985285	74	0	74	0	74	0	74	0	74	0	74	0	74	0	74	0	74	4	74	-0.0243114047	74	-0.002367301	74	0.03487669	74	0	74	0	74	0
75	0	75	8	75	0	75	-44	75	-4	75	0	75	-1237	75	-524	75	358	75	-1	75	0	75	14	75	-0.0146738458	75	-0.0017263348	75	0.0181265157	75	0	75	0	75	0	75	0	75	0	75	0	75	0	75	0	75	0	75	-0.0243114047	75	-0.002367301	75	0.03219852	75	0	75	0	75	0
76	0	76	8	76	0	76	-48	76	-4	76	0	76	563	76	-1073	76	432	76	0	76	0	76	14	76	-0.0138106784	76	-0.0008631674	76	0.0181265157	76	0	76	0	76	0	76	0	76	0	76	0	76	0	76	0	76	0	76	-0.0243114047	76	-0.002367301	76	0.032209605	76	0	76	0	76	0
77	0	77	8	77	0	77	-48	77	0	77	-4	77	-1425	77	-140	77	-1351	77	1	77	1	77	15	77	-0.0129475109	77	0	77	0.0189896822	77	0	77	0	77	0	77	0	77	0	77	0	77	0	77	0	77	4	77	-0.0243114047	77	-0.002367301	77	0.0338029936	77	0	77	0	77	0
78	0	78	8	78	0	78	-44	78	4	78	4	78	1041	78	1311	78	-240	78	2	78	0	78	15	78	-0.011221176	78	-0.0017263348	78	0.0189896822	78	0	78	0	78	0	78	0	78	0	78	0	78	0	78	0	78	-4	78	-0.0243114047	78	-0.002367301	78	0.03268098	78	0	78	0	78	0
79	0	79	8	79	0	79	-44	79	-8	79	0	79	-54	79	-2817	79	376	79	-1	79	0	79	14	79	-0.0146738458	79	-0.0017263348	79	0.0181265157	79	0	79	0	79	0	79	0	79	0	79	0	79	0	79	0	79	0	79	-0.0243114047	79	-0.002367301	79	0.03217195	79	0	79	0	79	0
80	0	80	8	80	0	80	-48	80	0	80	0	80	-1908	80	90	80	-1165	80	-1	80	0	80	16	80	-0.0146738458	80	-0.0017263348	80	0.01985285	80	0	80	0	80	0	80	0	80	0	80	0	80	0	80	0	80	0	80	-0.0243114047	80	-0.002367301	80	0.033606492	80	0	80	0	80	0
81	0	81	8	81	0	81	-48	81	-4	81	-4	81	-2145	81	352	81	-2070	81	1	81	0	81	14	81	-0.0120843435	81	-0.0008631674	81	0.0172633473	81	0	81	0	81	0	81	0	81	0	81	0	81	0	81	0	81	4	81	-0.0243114047	81	-0.002367301	81	0.03445609	81	0	81	0	81	0
82	0	82	8	82	0	82	-44	82	-4	82	4	82	-228	82	-496	82	973	82	-1	82	-1	82	16	82	-0.0146738458	82	-0.00258950214	82	0.01985285	82	0	82	0	82	0	82	0	82	0	82	0	82	0	82	0	82	-4	82	-0.0243114047	82	-0.002367301	82	0.0314576924	82	0	82	0	82	0
83	0	83	8	83	0	83	-44	83	0	83	0	83	1368	83	3856	83	-2169	83	2	83	0	83	15	83	-0.0103580086	83	-0.0008631674	83	0.0189896822	83	0	83	0	83	0	83	0	83	0	83	0	83	0	83	0	83	0	83	-0.0243114047	83	-0.002367301	83	0.0345855057	83	0	83	0	83	0
84	0	84	8	84	0	84	-48	84	0	84	4	84	-939	84	123	84	76	84	-1	84	-1	84	13	84	-0.0155370133	84	-0.00258950214	84	0.01640018	84	0	84	0	84	0	84	0	84	0	84	0	84	0	84	0	84	-4	84	-0.0243114047	84	-0.002367301	84	0.0324848369	84	0	84	0	84	0
85	0	85	8	85	0	85	-44	85	-4	85	4	85	341	85	-2727	85	177	85	1	85	0	85	16	85	-0.0120843435	85	-0.0017263348	85	0.0207160171	85	0	85	0	85	0	85	0	85	0	85	0	85	0	85	0	85	-4	85	-0.0243114047	85	-0.002367301	85	0.0323607251	85	0	85	0	85	0
86	0	86	8	86	0	86	-40	86	0	86	-4	86	2536	86	1094	86	-3436	86	-1	86	0	86	13	86	-0.0146738458	86	-0.0017263348	86	0.01640018	86	0	86	0	86	0	86	0	86	0	86	0	86	0	86	0	86	4	86	-0.0243114047	86	-0.002367301	86	0.0355899334	86	0	86	0	86	0
87	0	87	8	87	0	87	-44	87	0	87	-8	87	-1823	87	1557	87	-819	87	1	87	0	87	14	87	-0.0129475109	87	-0.0017263348	87	0.0181265157	87	0	87	0	87	0	87	0	87	0	87	0	87	0	87	0	87	8	87	-0.0243114047	87	-0.002367301	87	0.0333236679	87	0	87	0	87	0
88	0	88	8	88	0	88	-44	88	0	88	-4	88	44	88	551	88	-2127	88	1	88	0	88	15	88	-0.0120843435	88	-0.0017263348	88	0.0189896822	88	0	88	0	88	0	88	0	88	0	88	0	88	0	88	0	88	4	88	-0.0243114047	88	-0.002367301	88	0.03455559	88	0	88	0	88	0
89	0	89	8	89	0	89	-44	89	-4	89	-4	89	-1545	89	-494	89	-1910	89	-1	89	0	89	13	89	-0.0146738458	89	-0.0008631674	89	0.0155370133	89	0	89	0	89	0	89	0	89	0	89	0	89	0	89	0	89	4	89	-0.0243114047	89	-0.002367301	89	0.03418106	89	0	89	0	89	0
90	0	90	8	90	0	90	-40	90	-4	90	-4	90	1364	90	1036	90	-1582	90	1	90	0	90	15	90	-0.0120843435	90	-0.0017263348	90	0.0189896822	90	0	90	0	90	0	90	0	90	0	90	0	90	0	90	0	90	4	90	-0.0243114047	90	-0.002367301	90	0.0338887051	90	0	90	0	90	0
91	0	91	8	91	0	91	-48	91	4	91	0	91	-773	91	175	91	249	91	-1	91	0	91	14	91	-0.0155370133	91	-0.0017263348	91	0.0172633473	91	0	91	0	91	0	91	0	91	0	91	0	91	0	91	0	91	0	91	-0.0243114047	91	-0.002367301	91	0.0323105454	91	0	91	0	91	0
92	0	92	8	92	0	92	-40	92	0	92	0	92	1786	92	2435	92	-136	92	3	92	0	92	15	92	-0.009494841	92	-0.0017263348	92	0.0189896822	92	0	92	0	92	0	92	0	92	0	92	0	92	0	92	0	92	0	92	-0.0243114047	92	-0.002367301	92	0.03264349	92	0	92	0	92	0
93	0	93	8	93	0	93	-44	93	-4	93	0	93	249	93	-2866	93	-2208	93	-1	93	0	93	17	93	-0.0146738458	93	-0.0017263348	93	0.0215791855	93	0	93	0	93	0	93	0	93	0	93	0	93	0	93	0	93	0	93	-0.0243114047	93	-0.002367301	93	0.0344728	93	0	93	0	93	0
94	0	94	8	94	0	94	-44	94	-4	94	4	94	2491	94	-799	94	2729	94	3	94	0	94	14	94	-0.009494841	94	-0.0017263348	94	0.0181265157	94	0	94	0	94	0	94	0	94	0	94	0	94	0	94	0	94	-4	94	-0.0243114047	94	-0.002367301	94	0.0300147515	94	0	94	0	94	0
95	0	95	8	95	0	95	-44	95	0	95	-4	95	350	95	1219	95	-2375	95	1	95	0	95	16	95	-0.0120843435	95	-0.0017263348	95	0.01985285	95	0	95	0	95	0	95	0	95	0	95	0	95	0	95	0	95	4	95	-0.0243114047	95	-0.002367301	95	0.0346818343	95	0	95	0	95	0
96	0	96	8	96	0	96	-40	96	0	96	0	96	-2041	96	786	96	-34	96	-1	96	0	96	16	96	-0.0146738458	96	-0.0017263348	96	0.01985285	96	0	96	0	96	0	96	0	96	0	96	0	96	0	96	0	96	0	96	-0.0243114047	96	-0.002367301	96	0.0326944441	96	0	96	0	96	0
97	0	97	8	97	0	97	-40	97	0	97	0	97	2270	97	-630	97	1737	97	1	97	-1	97	13	97	-0.0120843435	97	-0.00258950214	97	0.0155370133	97	0	97	0	97	0	97	0	97	0	97	0	97	0	97	0	97	0	97	-0.0243114047	97	-0.002367301	97	0.03091813	97	0	97	0	97	0
98	0	98	8	98	0	98	-44	98	4	98	-4	98	1390	98	2680	98	-1517	98	1	98	0	98	16	98	-0.0120843435	98	-0.0008631674	98	0.0207160171	98	0	98	0	98	0	98	0	98	0	98	0	98	0	98	0	98	4	98	-0.0243114047	98	-0.002367301	98	0.0340142921	98	0	98	0	98	0
99	0	99	8	99	0	99	-44	99	0	99	0	99	-1990	99	210	99	1605	99	-1	99	-1	99	16	99	-0.0146738458	99	-0.00258950214	99	0.0207160171	99	0	99	0	99	0	99	0	99	0	99	0	99	0	99	0	99	0	99	-0.0243114047	99	-0.002367301	99	0.03117243	99	0	99	0	99	0
100	0	100	8	100	0	100	-44	100	4	100	0	100	87	100	1500	100	1918	100	-1	100	0	100	16	100	-0.0155370133	100	-0.0017263348	100	0.0207160171	100	0	100	0	100	0	100	0	100	0	100	0	100	0	100	0	100	0	100	-0.0243114047	100	-0.002367301	100	0.0308585484	100	0	100	0	100	0
101	0	101	8	101	0	101	-44	101	0	101	0	101	-329	101	-660	101	-1680	101	2	101	0	101	13	101	-0.0103580086	101	-0.0008631674	101	0.0155370133	101	0	101	0	101	0	101	0	101	0	101	0	101	0	101	0	101	0	101	-0.0243114047	101	-0.002367301	101	0.0338263437	101	0	101	0	101	0
102	0	102	8	102	0	102	-44	102	4	102	0	102	-1732	102	-311	102	1174	102	-2	102	-1	102	14	102	-0.01640018	102	-0.00258950214	102	0.0181265157	102	0	102	0	102	0	102	0	102	0	102	0	102	0	102	0	102	0	102	-0.0243114047	102	-0.002367301	102	0.03155967	102	0	102	0	102	0
103	0	103	8	103	0	103	-44	103	0	103	0	103	-1513	103	-1672	103	-1595	103	1	103	0	103	16	103	-0.0129475109	103	-0.0017263348	103	0.0207160171	103	0	103	0	103	0	103	0	103	0	103	0	103	0	103	0	103	0	103	-0.0243114047	103	-0.002367301	103	0.03402023	103	0	103	0	103	0
104	0	104	8	104	0	104	-48	104	0	104	0	104	-57	104	-261	104	457	104	-1	104	-1	104	15	104	-0.0146738458	104	-0.00258950214	104	0.0189896822	104	0	104	0	104	0	104	0	104	0	104	0	104	0	104	0	104	0	104	-0.0243114047	104	-0.002367301	104	0.0322039276	104	0	104	0	104	0
105	0	105	8	105	0	105	-48	105	-8	105	0	105	-249	105	-2962	105	-593	105	-1	105	0	105	16	105	-0.0146738458	105	-0.0017263348	105	0.01985285	105	0	105	0	105	0	105	0	105	0	105	0	105	0	105	0	105	0	105	-0.0243114047	105	-0.002367301	105	0.03300193	105	0	105	0	105	0
106	0	106	8	106	0	106	-48	106	4	106	0	106	1619	106	4725	106	86	106	1	106	-1	106	13	106	-0.0120843435	106	-0.00258950214	106	0.01640018	106	0	106	0	106	0	106	0	106	0	106	0	106	0	106	0	106	0	106	-0.0243114047	106	-0.002367301	106	0.0324612632	106	0	106	0	106	0
107	0	107	8	107	0	107	-44	107	0	107	4	107	1102	107	552	107	2468	107	0	107	0	107	13	107	-0.0138106784	107	-0.0017263348	107	0.0155370133	107	0	107	0	107	0	107	0	107	0	107	0	107	0	107	0	107	-4	107	-0.0243114047	107	-0.002367301	107	0.0302699786	107	0	107	0	107	0
108	0	108	8	108	0	108	-48	108	0	108	-4	108	-3397	108	-233	108	-3525	108	1	108	0	108	16	108	-0.0129475109	108	-0.0008631674	108	0.01985285	108	0	108	0	108	0	108	0	108	0	108	0	108	0	108	0	108	4	108	-0.0243114047	108	-0.002367301	108	0.0357427821	108	0	108	0	108	0
109	0	109	8	109	0	109	-44	109	0	109	4	109	140	109	793	109	-902	109	1	109	-1	109	14	109	-0.0129475109	109	-0.00258950214	109	0.0181265157	109	0	109	0	109	0	109	0	109	0	109	0	109	0	109	0	109	-4	109	-0.0243114047	109	-0.002367301	109	0.0332340673	109	0	109	0	109	0
110	0	110	8	110	0	110	-40	110	0	110	0	110	3590	110	-1048	110	-868	110	1	110	0	110	16	110	-0.0120843435	110	-0.0008631674	110	0.0207160171	110	0	110	0	110	0	110	0	110	0	110	0	110	0	110	0	110	0	110	-0.0243114047	110	-0.002367301	110	0.033312954	110	0	110	0	110	0
111	0	111	8	111	0	111	-44	111	-4	111	0	111	-1469	111	-569	111	-188	111	-1	111	-1	111	16	111	-0.0155370133	111	-0.00258950214	111	0.01985285	111	0	111	0	111	0	111	0	111	0	111	0	111	0	111	0	111	0	111	-0.0243114047	111	-0.002367301	111	0.0327574834	111	0	111	0	111	0
112	0	112	8	112	0	112	-48	112	-4	112	4	112	-1710	112	-1292	112	2261	112	0	112	0	112	15	112	-0.0138106784	112	-0.0008631674	112	0.0189896822	112	0	112	0	112	0	112	0	112	0	112	0	112	0	112	0	112	-4	112	-0.0243114047	112	-0.002367301	112	0.0304902811	112	0	112	0	112	0
113	0	113	8	113	0	113	-36	113	-4	113	4	113	6191	113	521	113	809	113	-1	113	-1	113	14	113	-0.0146738458	113	-0.00258950214	113	0.0181265157	113	0	113	0	113	0	113	0	113	0	113	0	113	0	113	0	113	-4	113	-0.0243114047	113	-0.002367301	113	0.0317716	113	0	113	0	113	0
114	0	114	8	114	0	114	-48	114	4	114	4	114	-2539	114	881	114	607	114	1	114	-1	114	16	114	-0.0120843435	114	-0.00258950214	114	0.0207160171	114	0	114	0	114	0	114	0	114	0	114	0	114	0	114	0	114	-4	114	-0.0243114047	114	-0.002367301	114	0.03195581	114	0	114	0	114	0
115	0	115	8	115	0	115	-44	115	12	115	4	115	1053	115	4040	115	367	115	1	115	0	115	14	115	-0.0120843435	115	-0.0017263348	115	0.0172633473	115	0	115	0	115	0	115	0	115	0	115	0	115	0	115	0	115	-4	115	-0.0243114047	115	-0.002367301	115	0.0321771279	115	0	115	0	115	0
116	0	116	8	116	0	116	-44	116	0	116	4	116	-210	116	-194	116	1071	116	-1	116	-1	116	14	116	-0.0146738458	116	-0.00258950214	116	0.0181265157	116	0	116	0	116	0	116	0	116	0	116	0	116	0	116	0	116	-4	116	-0.0243114047	116	-0.002367301	116	0.0315694958	116	0	116	0	116	0
117	0	117	8	117	0	117	-48	117	0	117	-4	117	-2478	117	-985	117	-2923	117	1	117	0	117	15	117	-0.0129475109	117	-0.0008631674	117	0.0189896822	117	0	117	0	117	0	117	0	117	0	117	0	117	0	117	0	117	4	117	-0.0243114047	117	-0.002367301	117	0.03515342	117	0	117	3797	117	0
118	0	118	8	118	0	118	-44	118	0	118	-4	118	2465	118	1310	118	3273	118	0	118	-1	118	16	118	-0.0138106784	118	-0.00258950214	118	0.0207160171	118	0	118	0	118	0	118	0	118	0	118	0	118	0	118	0	118	4	118	-0.0243114047	118	-0.002367301	118	0.0297099669	118	0	118	3797	118	0
119	0	119	8	119	0	119	-40	119	0	119	-4	119	900	119	809	119	-2127	119	2	119	1	119	16	119	-0.0103580086	119	0	119	0.0207160171	119	0	119	0	119	0	119	0	119	0	119	0	119	0	119	0	119	4	119	-0.0243114047	119	5.412089	119	0.0345175862	119	0	119	3797	119	0
120	0	120	8	120	0	120	-44	120	728	120	-4	120	346	120	952434	120	-2259	120	-1	120	2266	120	15	120	-0.0146738458	120	4.202762	120	0.0189896822	120	0	120	0	120	0	120	0	120	0	120	0	120	0	120	0	120	4	120	-0.0243114047	120	5.408677	120	0.0346731767	120	0	120	3797	120	0
121	0	121	8	121	0	121	-40	121	2548	121	-4	121	1958	121	1623883	121	-1404	121	3	121	1982	121	14	121	-0.009494841	121	3.56056547	121	0.0181265157	121	0	121	0	121	0	121	0	121	0	121	0	121	0	121	0	121	4	121	-0.0243114047	121	5.40291071	121	0.0338508561	121	0	121	3797	121	0
122	0	122	8	122	0	122	-44	122	6132	122	0	122	265	122	2654480	122	1652	122	0	122	1999	122	13	122	-0.0138106784	122	3.5950923	122	0.01640018	122	0	122	0	122	0	122	0	122	0	122	0	122	0	122	0	122	0	122	-0.0243114047	122	5.39993763	122	0.0310977381	122	0	122	3797	122	0
123	0	123	8	123	0	123	-40	123	11016	123	-4	123	1664	123	3453264	123	-2608	123	-1	123	1996	123	15	123	-0.0146738458	123	3.58732367	123	0.0189896822	123	0	123	0	123	0	123	0	123	0	123	0	123	0	123	0	123	4	123	-0.0243114047	123	5.40061331	123	0.0349313468	123	0	123	3797	123	0
124	0	124	8	124	0	124	-40	124	17312	124	-4	124	-1421	124	4223636	124	-821	124	1	124	1993	124	16	124	-0.0129475109	124	3.58905	124	0.0207160171	124	0	124	0	124	0	124	0	124	0	124	0	124	0	124	0	124	4	124	-0.0243114047	124	5.41179562	124	0.033403635	124	0	124	3797	124	0
125	0	125	8	125	0	125	-36	125	25084	125	4	125	3581	125	5047619	125	1729	125	-1	125	1995	125	14	125	-0.0155370133	125	3.61062932	125	0.0172633473	125	0	125	0	125	0	125	0	125	0	125	0	125	0	125	0	125	-4	125	-0.0243114047	125	5.43278837	125	0.03101247	125	0	125	-3797	125	0
126	0	126	8	126	0	126	-32	126	34344	126	-4	126	1076	126	5899802	126	899	126	1	126	2000	126	16	126	-0.0120843435	126	3.63220835	126	0.01985285	126	0	126	0	126	0	126	0	126	0	126	0	126	0	126	0	126	4	126	-0.0243114047	126	5.44358635	126	0.03173227	126	0	126	-3797	126	0
127	0	127	8	127	0	127	-32	127	44976	127	0	127	-74	127	6700682	127	-2526	127	-1	127	1999	127	16	127	-0.0146738458	127	3.60717654	127	0.0207160171	127	0	127	0	127	0	127	0	127	0	127	0	127	0	127	0	127	0	127	-0.0243114047	127	-5.416383	127	0.0348159745	127	0	127	-3797	127	0
128	0	128	8	128	0	128	-32	128	55840	128	4	128	2588	128	6090938	128	2488	128	1	128	-1087	128	13	128	-0.0129475109	128	-1.8152411	128	0.0155370133	128	0	128	0	128	0	128	0	128	0	128	0	128	0	128	0	128	-4	128	-0.0243114047	128	-5.42728233	128	0.0300714057	128	0	128	-3797	128	0
129	0	129	8	129	0	129	-28	129	64524	129	0	129	3274	129	4212710	129	-307	129	-2	129	-2016	129	13	129	-0.01640018	129	-3.64170337	129	0.01640018	129	0	129	0	129	0	129	0	129	0	129	0	129	0	129	0	129	0	129	-0.0243114047	129	-5.4132576	129	0.03264094	129	0	129	-3797	129	0
130	0	130	8	130	0	130	-36	130	71640	130	0	130	-3795	130	3439297	130	-1862	130	2	130	-1997	130	16	130	-0.011221176	130	-3.588187	130	0.01985285	130	0	130	0	130	0	130	0	130	0	130	0	130	0	130	0	130	0	130	-0.0243114047	130	-5.398475	130	0.0341119543	130	0	130	-3797	130	0
131	0	131	8	131	0	131	-40	131	76016	131	0	131	-3392	131	1827049	131	-2398	131	2	131	-1995	131	13	131	-0.0103580086	131	-3.58214474	131	0.0155370133	131	0	131	0	131	0	131	0	131	0	131	0	131	0	131	0	131	0	131	-0.0243114047	131	-5.39703226	131	0.03459327	131	0	131	-3797	131	0
132	0	132	8	132	0	132	-56	132	78096	132	0	132	-5593	132	542637	132	2035	132	1	132	-1996	132	14	132	-0.0129475109	132	-3.58559728	132	0.0172633473	132	0	132	0	132	0	132	0	132	0	132	0	132	0	132	0	132	0	132	-0.0243114047	132	-5.397841	132	0.0304845069	132	0	132	-3797	132	0
133	0	133	8	133	0	133	-80	133	77900	133	12	133	-13180	133	-779674	133	2218	133	1	133	-1996	133	14	133	-0.0120843435	133	-3.58559728	133	0.0181265157	133	0	133	0	133	0	133	0	133	0	133	0	133	0	133	0	133	-12	133	-0.0243114047	133	-5.39778376	133	0.0300249066	133	0	133	-3797	133	0
134	0	134	8	134	0	134	-108	134	75784	134	16	134	-18304	134	-1851712	134	2283	134	-1	134	-1995	134	12	134	-0.0155370133	134	-3.58300781	134	0.0146738458	134	0	134	0	134	0	134	0	134	0	134	0	134	0	134	0	134	-16	134	-0.0243114047	134	-5.396949	134	0.0295771454	134	0	134	-3797	134	0
135	0	135	8	135	0	135	-144	135	71740	135	16	135	-14681	135	-2950030	135	2690	135	1	135	-1994	135	14	135	-0.0120843435	135	-3.58128142	135	0.0172633473	135	0	135	0	135	0	135	0	135	0	135	0	135	0	135	0	135	-16	135	-0.0241769869	135	-5.3983	135	0.0289271045	135	0	135	0	135	0
136	0	136	8	136	0	136	-172	136	66020	136	20	136	-16883	136	-3891885	136	1391	136	-1	136	-1994	136	14	136	-0.0146738458	136	-3.59163952	136	0.0172633473	136	0	136	0	136	0	136	0	136	0	136	0	136	0	136	0	136	-20	136	-0.0241769869	136	-5.410591	136	0.02978698	136	0	136	0	136	0
137	0	137	8	137	0	137	-196	137	58528	137	20	137	-16520	137	-4923948	137	-2958	137	1	137	-1996	137	16	137	-0.0120843435	137	-3.604587	137	0.0207160171	137	0	137	0	137	0	137	0	137	0	137	0	137	0	137	0	137	-20	137	-0.0241769869	137	-0.008934743	137	0.0337563679	137	0	137	0	137	0
138	0	138	8	138	0	138	-220	138	50704	138	20	138	-13486	138	-4413642	138	572	138	-2	138	274	138	14	138	-0.01640018	138	0.422088861	138	0.0181265157	138	0	138	0	138	0	138	0	138	0	138	0	138	0	138	0	138	-20	138	-0.0241769869	138	-0.0123418476	138	0.030478267	138	0	138	0	138	0
139	0	139	8	139	0	139	-228	139	42380	139	24	139	-7297	139	-4807750	139	3204	139	3	139	-10	139	13	139	-0.009494841	139	-0.011221176	139	0.01640018	139	0	139	0	139	0	139	0	139	0	139	0	139	0	139	0	139	-24	139	-0.0241769869	139	0.010232619	139	0.0278840866	139	0	139	0	139	0
140	0	140	8	140	0	140	-228	140	34996	140	28	140	1819	140	-4222561	140	1675	140	-1	140	2	140	12	140	-0.0146738458	140	0.01985285	140	0.0146738458	140	0	140	0	140	0	140	0	140	0	140	0	140	0	140	0	140	-28	140	-0.0241769869	140	0.0291426387	140	0.02895649	140	0	140	0	140	0
141	0	141	8	141	0	141	-216	141	27756	141	44	141	5452	141	-4101591	141	6203	141	-1	141	0	141	12	141	-0.0146738458	141	0.0146738458	141	0.0138106784	141	0	141	0	141	0	141	0	141	0	141	0	141	0	141	0	141	-44	141	-0.0241769869	141	0.0247901883	141	0.0240817778	141	0	141	0	141	0
142	0	142	8	142	0	142	-196	142	21104	142	52	142	13174	142	-3790455	142	3372	142	1	142	0	142	14	142	-0.0129475109	142	0.00517900428	142	0.0181265157	142	0	142	0	142	0	142	0	142	0	142	0	142	0	142	0	142	-52	142	-0.0241769869	142	0.0072667147	142	0.0260354932	142	0	142	0	142	0
143	0	143	8	143	0	143	-148	143	14740	143	64	143	29115	143	-3615983	143	8588	143	-1	143	0	143	9	143	-0.0146738458	143	-0.00517900428	143	0.009494841	143	0	143	0	143	0	143	0	143	0	143	0	143	0	143	0	143	-64	143	-0.0241769869	143	-0.009007587	143	0.0202435032	143	0	143	0	143	0
144	0	144	8	144	0	144	-88	144	8660	144	80	144	37283	144	-3478541	144	5253	144	1	144	0	144	9	144	-0.0120843435	144	-0.00776850665	144	0.009494841	144	0	144	0	144	0	144	0	144	0	144	0	144	0	144	0	144	-80	144	-0.0243114047	144	-0.014281529	144	0.0216430929	144	0	144	0	144	0
145	0	145	8	145	0	145	-36	145	2960	145	88	145	35411	145	-3249809	145	-654	145	0	145	0	145	12	145	-0.0138106784	145	-0.006905339	145	0.0146738458	145	0	145	0	145	0	145	0	145	0	145	0	145	0	145	0	145	-88	145	-0.0243114047	145	-0.0123413708	145	0.02616023	145	0	145	0	145	0
146	0	146	8	146	0	146	44	146	-2540	146	68	146	42330	146	-3123698	146	-14017	146	2	146	-2	146	15	146	-0.011221176	146	0.0017263348	146	0.0189896822	146	0	146	0	146	0	146	0	146	0	146	0	146	0	146	0	146	-68	146	-0.0244374443	146	0.0106576625	146	0.0390557349	146	0	146	0	146	0
147	0	147	8	147	0	147	108	147	-7708	147	40	147	40994	147	-2944123	147	-16290	147	-1	147	0	147	16	147	-0.0146738458	147	0.0138106784	147	0.0207160171	147	0	147	0	147	0	147	0	147	0	147	0	147	0	147	0	147	-40	147	-0.0244374443	147	0.02360249	147	0.0430289134	147	0	147	0	147	0
148	0	148	8	148	0	148	176	148	-12644	148	-16	148	38428	148	-2818719	148	-31050	148	0	148	0	148	23	148	-0.0146738458	148	0.0120843435	148	0.0319371931	148	0	148	0	148	0	148	0	148	0	148	0	148	0	148	0	148	16	148	-0.0245552585	148	0.0217128452	148	0.0595594049	148	0	148	0	148	0
149	0	149	8	149	0	149	236	149	-17344	149	-68	149	34790	149	-2676060	149	-25229	149	1	149	0	149	23	149	-0.0129475109	149	0.0103580086	149	0.0310740266	149	0	149	0	149	0	149	0	149	0	149	0	149	0	149	0	149	68	149	-0.0245552585	149	0.0165411457	149	0.05816494	149	0	149	0	149	0
150	0	150	8	150	0	150	276	150	-21820	150	-108	150	19160	150	-2543762	150	-18754	150	-1	150	0	150	24	150	-0.0155370133	150	0.00258950214	150	0.03280036	150	0	150	0	150	0	150	0	150	0	150	0	150	0	150	0	150	108	150	-0.0246650018	150	0.004888685	150	0.05575005	150	0	150	0	150	0
151	0	151	8	151	0	151	304	151	-26120	151	-136	151	15102	151	-2458831	151	-9198	151	1	151	0	151	20	151	-0.0120843435	151	-0.0034526696	151	0.02675819	151	0	151	0	151	0	151	0	151	0	151	0	151	0	151	0	151	136	151	-0.0246650018	151	-0.00613932358	151	0.04941901	151	0	151	0	151	0
152	0	152	8	152	0	152	312	152	-30240	152	-136	152	6429	152	-2351133	152	1515	152	0	152	0	152	17	152	-0.0138106784	152	-0.00776850665	152	0.022442352	152	0	152	0	152	0	152	0	152	0	152	0	152	0	152	0	152	136	152	-0.0246650018	152	-0.0153934322	152	0.04068512	152	0	152	0	152	0
153	0	153	8	153	0	153	300	153	-34168	153	-148	153	-8775	153	-2235848	153	-3090	153	1	153	0	153	19	153	-0.0129475109	153	-0.0103580086	153	0.0258950219	153	0	153	0	153	0	153	0	153	0	153	0	153	0	153	0	153	148	153	-0.0246650018	153	-0.0186111555	153	0.04556832	153	0	153	0	153	0
154	0	154	8	154	0	154	256	154	-37928	154	-140	154	-23306	154	-2143471	154	6294	154	0	154	1	154	16	154	-0.0146738458	154	-0.009494841	154	0.0207160171	154	0	154	0	154	0	154	0	154	0	154	0	154	0	154	0	154	140	154	-0.0245552585	154	-0.018510092	154	0.0370467454	154	0	154	0	154	0
155	0	155	8	155	0	155	224	155	-41520	155	-124	155	-20965	155	-2048319	155	10647	155	1	155	-1	155	16	155	-0.0120843435	155	-0.0103580086	155	0.01985285	155	0	155	0	155	0	155	0	155	0	155	0	155	0	155	0	155	124	155	-0.0245552585	155	-0.0137961768	155	0.03212037	155	0	155	0	155	0
156	0	156	8	156	0	156	184	156	-44908	156	-96	156	-22763	156	-1932518	156	12309	156	0	156	-1	156	14	156	-0.0138106784	156	-0.00258950214	156	0.0181265157	156	0	156	0	156	0	156	0	156	0	156	0	156	0	156	0	156	96	156	-0.0245552585	156	0.0002101284	156	0.0293149371	156	0	156	0	156	0
157	0	157	8	157	0	157	108	157	-48072	157	-84	157	-35692	157	-1794003	157	9186	157	1	157	0	157	13	157	-0.0129475109	157	0.006905339	157	0.0155370133	157	0	157	0	157	0	157	0	157	0	157	0	157	0	157	0	157	84	157	-0.0244374443	157	0.0132562052	157	0.03089715	157	0	157	0	157	0
158	0	158	8	158	0	158	48	158	-50988	158	-60	158	-37495	158	-1661530	158	9911	158	0	158	0	158	14	158	-0.0138106784	158	0.011221176	158	0.0181265157	158	0	158	0	158	0	158	0	158	0	158	0	158	0	158	0	158	60	158	-0.0244374443	158	0.0187804457	158	0.0290720742	158	0	158	0	158	0
159	0	159	8	159	0	159	-4	159	-53692	159	-60	159	-31580	159	-1532042	159	3668	159	-1	159	0	159	14	159	-0.0146738458	159	0.011221176	159	0.0172633473	159	0	159	0	159	0	159	0	159	0	159	0	159	0	159	0	159	60	159	-0.0243114047	159	0.01966563	159	0.03405016	159	0	159	0	159	0
160	0	160	8	160	0	160	-44	160	-56104	160	-40	160	-18333	160	-1364987	160	7344	160	1	160	-1	160	13	160	-0.0120843435	160	0.0103580086	160	0.01640018	160	0	160	0	160	0	160	0	160	0	160	0	160	0	160	0	160	40	160	-0.0243114047	160	0.0197868831	160	0.0298266839	160	0	160	0	160	0
161	0	161	8	161	0	161	-80	161	-58236	161	-28	161	-15982	161	-1205358	161	7272	161	-1	161	0	161	13	161	-0.0155370133	161	0.011221176	161	0.0155370133	161	0	161	0	161	0	161	0	161	0	161	0	161	0	161	0	161	28	161	-0.0243114047	161	0.0187153183	161	0.0289272089	161	0	161	0	161	0
162	0	162	8	162	0	162	-104	162	-60072	162	-12	162	-15507	162	-1040519	162	7467	162	2	162	0	162	12	162	-0.011221176	162	0.008631674	162	0.0146738458	162	0	162	0	162	0	162	0	162	0	162	0	162	0	162	0	162	12	162	-0.0243114047	162	0.016009327	162	0.0277557988	162	0	162	0	162	0
163	0	163	8	163	0	163	-108	163	-61616	163	16	163	-4432	163	-869402	163	15330	163	-1	163	-2	163	11	163	-0.0155370133	163	0.004315837	163	0.0120843435	163	0	163	0	163	0	163	0	163	0	163	0	163	0	163	0	163	-16	163	-0.0243114047	163	0.0124380067	163	0.0188084152	163	0	163	0	163	0
164	0	164	8	164	0	164	-116	164	-62888	164	40	164	-1709	164	-711927	164	9133	164	3	164	1	164	10	164	-0.009494841	164	0.006905339	164	0.0120843435	164	0	164	0	164	0	164	0	164	0	164	0	164	0	164	0	164	-40	164	-0.0243114047	164	0.009053317	164	0.0224297512	164	0	164	0	164	0
165	0	165	8	165	0	165	-132	165	-63868	165	64	165	-6120	165	-551894	165	8113	165	1	165	0	165	9	165	-0.0129475109	165	0.004315837	165	0.0103580086	165	0	165	0	165	0	165	0	165	0	165	0	165	0	165	0	165	-64	165	-0.0241769869	165	0.00640508253	165	0.0217902381	165	0	165	0	165	0
166	0	166	8	166	0	166	-140	166	-64636	166	64	166	-4496	166	-428082	166	-262	166	1	166	0	166	13	166	-0.0129475109	166	0.00258950214	166	0.01640018	166	0	166	0	166	0	166	0	166	0	166	0	166	0	166	0	166	-64	166	-0.0241769869	166	0.004571204	166	0.0287071783	166	0	166	0	166	0
167	0	167	8	167	0	167	-140	167	-65188	167	72	167	-1939	167	-301632	167	1237	167	-1	167	-1	167	10	167	-0.0146738458	167	0	167	0.011221176	167	0	167	0	167	0	167	0	167	0	167	0	167	0	167	0	167	-72	167	-0.0241769869	167	0.003442653	167	0.0266791973	167	0	167	0	167	0
168	0	168	8	168	0	168	-144	168	-65552	168	72	168	-2233	168	-196775	168	-2154	168	-1	168	0	168	13	168	-0.0146738458	168	0.0008631674	168	0.01640018	168	0	168	0	168	0	168	0	168	0	168	0	168	0	168	0	168	-72	168	-0.0241769869	168	0.00264686882	168	0.0296712425	168	0	168	0	168	0
169	0	169	8	169	0	169	-156	169	-65768	169	68	169	-5964	169	-119813	169	-3532	169	1	169	-1	169	16	169	-0.0120843435	169	0	169	0.01985285	169	0	169	0	169	0	169	0	169	0	169	0	169	0	169	0	169	-68	169	-0.0241769869	169	0.00213927962	169	0.0310562979	169	0	169	0	169	0
170	0	170	8	170	0	170	-160	170	-65868	170	68	170	-3339	170	-53248	170	-1441	170	-1	170	0	170	13	170	-0.0146738458	170	0.0017263348	170	0.0155370133	170	0	170	0	170	0	170	0	170	0	170	0	170	0	170	0	170	-68	170	-0.0241769869	170	0.00213927962	170	0.02916302	170	0	170	0	170	0
171	0	171	8	171	0	171	-168	171	-65872	171	84	171	-2257	171	2982	171	4443	171	3	171	0	171	13	171	-0.009494841	171	0.0017263348	171	0.01640018	171	0	171	0	171	0	171	0	171	0	171	0	171	0	171	0	171	-84	171	-0.0241769869	171	0.00213927962	171	0.0233651157	171	0	171	0	171	0
172	0	172	8	172	0	172	-184	172	-65836	172	76	172	-8288	172	22060	172	-1835	172	-1	172	-1	172	13	172	-0.0155370133	172	-0.0008631674	172	0.0155370133	172	0	172	0	172	0	172	0	172	0	172	0	172	0	172	0	172	-76	172	-0.0241769869	172	0.00213927962	172	0.0287747	172	0	172	0	172	0
173	0	173	8	173	0	173	-212	173	-65824	173	72	173	-15098	173	3671	173	-4266	173	1	173	0	173	12	173	-0.0120843435	173	0.0017263348	173	0.0146738458	173	0	173	0	173	0	173	0	173	0	173	0	173	0	173	0	173	-72	173	-0.0241769869	173	0.00213927962	173	0.0308910925	173	0	173	0	173	0
174	0	174	8	174	0	174	-232	174	-65856	174	64	174	-12893	174	-17554	174	-6139	174	-1	174	-1	174	17	174	-0.0146738458	174	0	174	0.0215791855	174	0	174	0	174	0	174	0	174	0	174	0	174	0	174	0	174	-64	174	-0.0241769869	174	0.00213927962	174	0.0331406444	174	0	174	0	174	0
175	0	175	8	175	0	175	-256	175	-65860	175	52	175	-13548	175	-3068	175	-7078	175	-1	175	0	175	14	175	-0.0155370133	175	0.0017263348	175	0.0172633473	175	0	175	0	175	0	175	0	175	0	175	0	175	0	175	0	175	-52	175	-0.0240340475	175	0.00213927962	175	0.0345541872	175	0	175	0	175	0
176	0	176	8	176	0	176	-288	176	-65840	176	52	176	-11669	176	10183	176	-2819	176	1	176	0	176	16	176	-0.0120843435	176	0.0017263348	176	0.01985285	176	0	176	0	176	0	176	0	176	0	176	0	176	0	176	0	176	-52	176	-0.0240340475	176	0.00213927962	176	0.0313152224	176	0	176	0	176	0
177	0	177	8	177	0	177	-304	177	-65832	177	48	177	-13069	177	6070	177	-2128	177	-1	177	0	177	13	177	-0.0155370133	177	0.0008631674	177	0.01640018	177	0	177	0	177	0	177	0	177	0	177	0	177	0	177	0	177	-48	177	-0.0240340475	177	0.00213927962	177	0.03085388	177	0	177	0	177	0
178	0	178	8	178	0	178	-316	178	-65816	178	40	178	-8261	178	6196	178	-3830	178	0	178	0	178	15	178	-0.0129475109	178	0.0008631674	178	0.0189896822	178	0	178	0	178	0	178	0	178	0	178	0	178	0	178	0	178	-40	178	-0.0240340475	178	0.00213927962	178	0.0329205	178	0	178	0	178	0
179	0	179	8	179	0	179	-316	179	-65804	179	40	179	2471	179	14516	179	-35	179	-1	179	-1	179	14	179	-0.0155370133	179	0	179	0.0172633473	179	0	179	0	179	0	179	0	179	0	179	0	179	0	179	0	179	-40	179	-0.0240340475	179	0.00213927962	179	0.0296102744	179	0	179	0	179	0
180	0	180	8	180	0	180	-304	180	-65744	180	40	180	8475	180	36734	180	65	180	2	180	0	180	12	180	-0.011221176	180	0.0017263348	180	0.0138106784	180	0	180	0	180	0	180	0	180	0	180	0	180	0	180	0	180	-40	180	-0.0240340475	180	0.00239086826	180	0.0291500483	180	0	180	0	180	0
181	0	181	8	181	0	181	-288	181	-65636	181	44	181	9356	181	66896	181	-2769	181	-2	181	0	181	13	181	-0.01640018	181	0.0008631674	181	0.0155370133	181	0	181	0	181	0	181	0	181	0	181	0	181	0	181	0	181	-44	181	-0.0240340475	181	0.00239086826	181	0.03136026	181	0	181	0	181	0
182	0	182	8	182	0	182	-256	182	-65464	182	48	182	14024	182	103650	182	1494	182	3	182	-1	182	14	182	-0.009494841	182	0.0008631674	182	0.0172633473	182	0	182	0	182	0	182	0	182	0	182	0	182	0	182	0	182	-48	182	-0.0240340475	182	0.00290742517	182	0.0275609735	182	0	182	0	182	0
183	0	183	8	183	0	183	-228	183	-65232	183	48	183	20226	183	137380	183	985	183	1	183	0	183	12	183	-0.0129475109	183	0.0017263348	183	0.0146738458	183	0	183	0	183	0	183	0	183	0	183	0	183	0	183	0	183	-48	183	-0.0241769869	183	0.003442653	183	0.02756158	183	0	183	0	183	0
184	0	184	8	184	0	184	-196	184	-64940	184	52	184	18435	184	168409	184	-757	184	-1	184	0	184	15	184	-0.0146738458	184	0.00258950214	184	0.0189896822	184	0	184	0	184	0	184	0	184	0	184	0	184	0	184	0	184	-52	184	-0.0241769869	184	0.0039971834	184	0.0290102232	184	0	184	0	184	0
185	0	185	8	185	0	185	-160	185	-64592	185	36	185	18318	185	201303	185	-6450	185	1	185	1	185	15	185	-0.0129475109	185	0.0034526696	185	0.0189896822	185	0	185	0	185	0	185	0	185	0	185	0	185	0	185	0	185	-36	185	-0.0241769869	185	0.004865455	185	0.0345367044	185	0	185	0	185	0
186	0	186	8	186	0	186	-116	186	-64216	186	28	186	25534	186	220250	186	-6680	186	1	186	0	186	15	186	-0.0129475109	186	0.00258950214	186	0.0189896822	186	0	186	0	186	0	186	0	186	0	186	0	186	0	186	0	186	-28	186	-0.0243114047	186	0.005776138	186	0.0353814	186	0	186	0	186	0
187	0	187	8	187	0	187	-72	187	-63820	187	32	187	26893	187	227535	187	810	187	1	187	-1	187	13	187	-0.0120843435	187	0.00258950214	187	0.01640018	187	0	187	0	187	0	187	0	187	0	187	0	187	0	187	0	187	-32	187	-0.0243114047	187	0.006725514	187	0.0288232323	187	0	187	0	187	0
188	0	188	8	188	0	188	-16	188	-63420	188	28	188	32614	188	228348	188	519	188	-1	188	-1	188	15	188	-0.0146738458	188	0.0034526696	188	0.0189896822	188	0	188	0	188	0	188	0	188	0	188	0	188	0	188	0	188	-28	188	-0.0243114047	188	0.00770754553	188	0.029247215	188	0	188	0	188	0
189	0	189	8	189	0	189	36	189	-63044	189	24	189	28194	189	214606	189	-4391	189	2	189	1	189	13	189	-0.011221176	189	0.006905339	189	0.0155370133	189	0	189	0	189	0	189	0	189	0	189	0	189	0	189	0	189	-24	189	-0.0244374443	189	0.008714058	189	0.0336350352	189	0	189	0	189	0
190	0	190	8	190	0	190	96	190	-62688	190	24	190	31311	190	202396	190	-3495	190	-2	190	-1	190	14	190	-0.0172633473	190	0.0034526696	190	0.0181265157	190	0	190	0	190	0	190	0	190	0	190	0	190	0	190	0	190	-24	190	-0.0244374443	190	0.009393783	190	0.032913655	190	0	190	0	190	0
191	0	191	8	191	0	191	148	191	-62392	191	16	191	33623	191	167433	191	-5356	191	1	191	1	191	13	191	-0.0129475109	191	0.006905339	191	0.01640018	191	0	191	0	191	0	191	0	191	0	191	0	191	0	191	0	191	-16	191	-0.0245552585	191	0.0104180882	191	0.03476666	191	0	191	0	191	0
192	0	192	8	192	0	192	184	192	-62160	192	16	192	24167	192	129243	192	-1644	192	1	192	-1	192	17	192	-0.0129475109	192	0.00517900428	192	0.0215791855	192	0	192	0	192	0	192	0	192	0	192	0	192	0	192	0	192	-16	192	-0.0245552585	192	0.0110988161	192	0.0315501541	192	0	192	0	192	0
193	0	193	8	193	0	193	212	193	-62012	193	8	193	15365	193	86332	193	-8081	193	2	193	0	193	17	193	-0.011221176	193	0.006905339	193	0.0215791855	193	0	193	0	193	0	193	0	193	0	193	0	193	0	193	0	193	-8	193	-0.0245552585	193	0.0114371208	193	0.03798966	193	0	193	0	193	0
194	0	194	8	194	0	194	224	194	-61948	194	-4	194	7419	194	31064	194	-4908	194	1	194	0	194	17	194	-0.0129475109	194	0.006905339	194	0.022442352	194	0	194	0	194	0	194	0	194	0	194	0	194	0	194	0	194	4	194	-0.0245552585	194	0.0114371208	194	0.0361745432	194	0	194	0	194	0
195	0	195	8	195	0	195	232	195	-61964	195	-24	195	1426	195	-14865	195	-6082	195	1	195	1	195	16	195	-0.0129475109	195	0.00776850665	195	0.01985285	195	0	195	0	195	0	195	0	195	0	195	0	195	0	195	0	195	24	195	-0.0245552585	195	0.0114371208	195	0.0381594151	195	0	195	0	195	0
196	0	196	8	196	0	196	208	196	-62036	196	-40	196	-9706	196	-42637	196	-9648	196	2	196	1	196	17	196	-0.011221176	196	0.00776850665	196	0.0215791855	196	0	196	0	196	0	196	0	196	0	196	0	196	0	196	0	196	40	196	-0.0245552585	196	0.0114371208	196	0.0425230935	196	0	196	0	196	0
197	0	197	8	197	0	197	184	197	-62100	197	-56	197	-16184	197	-35677	197	-8453	197	-1	197	0	197	20	197	-0.0155370133	197	0.00604217174	197	0.02675819	197	0	197	0	197	0	197	0	197	0	197	0	197	0	197	0	197	56	197	-0.0245552585	197	0.0110988161	197	0.0428887457	197	0	197	0	197	0
198	0	198	8	198	0	198	160	198	-62144	198	-60	198	-14882	198	-24228	198	-1936	198	1	198	0	198	16	198	-0.0129475109	198	0.006905339	198	0.01985285	198	0	198	0	198	0	198	0	198	0	198	0	198	0	198	0	198	60	198	-0.0245552585	198	0.0110988161	198	0.0376405269	198	0	198	0	198	0
199	0	199	8	199	0	199	132	199	-62172	199	-60	199	-15523	199	-8379	199	1065	199	-1	199	-1	199	15	199	-0.0146738458	199	0.00517900428	199	0.0189896822	199	0	199	0	199	0	199	0	199	0	199	0	199	0	199	0	199	60	199	-0.0244374443	199	0.0110988161	199	0.0349274427	199	0	199	0	199	0
200	0	200	8	200	0	200	84	200	-62156	200	-48	200	-20787	200	10819	200	5946	200	2	200	0	200	16	200	-0.011221176	200	0.00604217174	200	0.01985285	200	0	200	0	200	0	200	0	200	0	200	0	200	0	200	0	200	48	200	-0.0244374443	200	0.0110988161	200	0.0300430637	200	0	200	0	200	0
201	0	201	8	201	0	201	40	201	-62124	201	-28	201	-23005	201	20103	201	9240	201	0	201	-1	201	12	201	-0.0138106784	201	0.00517900428	201	0.0146738458	201	0	201	0	201	0	201	0	201	0	201	0	201	0	201	0	201	28	201	-0.0244374443	201	0.0110988161	201	0.02607212	201	0	201	0	201	0
202	0	202	8	202	0	202	12	202	-62080	202	-12	202	-16051	202	25454	202	7442	202	-1	202	0	202	13	202	-0.0146738458	202	0.00604217174	202	0.0155370133	202	0	202	0	202	0	202	0	202	0	202	0	202	0	202	0	202	12	202	-0.0244374443	202	0.0110988161	202	0.0265469719	202	0	202	0	202	0
203	0	203	8	203	0	203	-4	203	-62028	203	-4	203	-7280	203	29914	203	3455	203	1	203	1	203	13	203	-0.0129475109	203	0.00776850665	203	0.0155370133	203	0	203	0	203	0	203	0	203	0	203	0	203	0	203	0	203	4	203	-0.0243114047	203	0.0114371208	203	0.0291540269	203	0	203	0	203	0
204	0	204	8	204	0	204	-16	204	-61980	204	12	204	-6002	204	34256	204	7772	204	-1	204	1	204	14	204	-0.0155370133	204	0.00776850665	204	0.0172633473	204	0	204	0	204	0	204	0	204	0	204	0	204	0	204	0	204	-12	204	-0.0243114047	204	0.0114371208	204	0.0244807173	204	0	204	0	204	0
205	0	205	8	205	0	205	-12	205	-61912	205	16	205	1038	205	36466	205	1126	205	1	205	0	205	13	205	-0.0129475109	205	0.00604217174	205	0.0155370133	205	0	205	0	205	0	205	0	205	0	205	0	205	0	205	0	205	-16	205	-0.0243114047	205	0.0117734112	205	0.0297276173	205	0	205	0	205	0
206	0	206	8	206	0	206	-4	206	-61856	206	28	206	8366	206	35390	206	7024	206	-2	206	0	206	14	206	-0.01640018	206	0.006905339	206	0.0172633473	206	0	206	0	206	0	206	0	206	0	206	0	206	0	206	0	206	-28	206	-0.0243114047	206	0.0117734112	206	0.0238163378	206	0	206	0	206	0
207	0	207	8	207	0	207	8	207	-61808	207	32	207	8079	207	30180	207	2452	207	1	207	2	207	16	207	-0.0129475109	207	0.009494841	207	0.0207160171	207	0	207	0	207	0	207	0	207	0	207	0	207	0	207	0	207	-32	207	-0.0243114047	207	0.0117734112	207	0.0276494119	207	0	207	0	207	0
208	0	208	8	208	0	208	24	208	-61764	208	32	208	7257	208	24709	208	2179	208	1	208	1	208	15	208	-0.0129475109	208	0.00776850665	208	0.0189896822	208	0	208	0	208	0	208	0	208	0	208	0	208	0	208	0	208	-32	208	-0.0244374443	208	0.0121072009	208	0.0277453158	208	0	208	0	208	0
209	0	209	8	209	0	209	36	209	-61744	209	32	209	8330	209	12089	209	-886	209	1	209	0	209	14	209	-0.0129475109	209	0.006905339	209	0.0172633473	209	0	209	0	209	0	209	0	209	0	209	0	209	0	209	0	209	-32	209	-0.0244374443	209	0.0121072009	209	0.03042492	209	0	209	0	209	0
210	0	210	8	210	0	210	56	210	-61744	210	28	210	10597	210	-2161	210	-1291	210	1	210	-1	210	14	210	-0.0129475109	210	0.00604217174	210	0.0181265157	210	0	210	0	210	0	210	0	210	0	210	0	210	0	210	0	210	-28	210	-0.0244374443	210	0.0121072009	210	0.030771913	210	0	210	0	210	0
211	0	211	8	211	0	211	60	211	-61764	211	32	211	6236	211	-11824	211	1334	211	-1	211	1	211	15	211	-0.0155370133	211	0.00776850665	211	0.0189896822	211	0	211	0	211	0	211	0	211	0	211	0	211	0	211	0	211	-32	211	-0.0244374443	211	0.0121072009	211	0.0282710027	211	0	211	0	211	0
212	0	212	8	212	0	212	64	212	-61780	212	28	212	2977	212	-10962	212	-2002	212	1	212	1	212	16	212	-0.0120843435	212	0.008631674	212	0.0207160171	212	0	212	0	212	0	212	0	212	0	212	0	212	0	212	0	212	-28	212	-0.0244374443	212	0.0121072009	212	0.03149689	212	0	212	0	212	0
213	0	213	8	213	0	213	44	213	-61804	213	28	213	-6775	213	-14795	213	531	213	-1	213	1	213	13	213	-0.0155370133	213	0.00776850665	213	0.01640018	213	0	213	0	213	0	213	0	213	0	213	0	213	0	213	0	213	-28	213	-0.0244374443	213	0.0117734112	213	0.0291523915	213	0	213	0	213	0
214	0	214	8	214	0	214	36	214	-61828	214	28	214	-7551	214	-14264	214	-2002	214	1	214	1	214	13	214	-0.0120843435	214	0.00776850665	214	0.01640018	214	0	214	0	214	0	214	0	214	0	214	0	214	0	214	0	214	-28	214	-0.0244374443	214	0.0117734112	214	0.0313835442	214	0	214	0	214	0
215	0	215	8	215	0	215	16	215	-61872	215	36	215	-11298	215	-18251	215	2567	215	-2	215	-2	215	15	215	-0.01640018	215	0.004315837	215	0.0189896822	215	0	215	0	215	0	215	0	215	0	215	0	215	0	215	0	215	-36	215	-0.0244374443	215	0.0117734112	215	0.0270422678	215	0	215	0	215	0
216	0	216	8	216	0	216	-20	216	-61916	216	28	216	-21151	216	-22715	216	-2642	216	3	216	1	216	14	216	-0.009494841	216	0.008631674	216	0.0181265157	216	0	216	0	216	0	216	0	216	0	216	0	216	0	216	0	216	-28	216	-0.0243114047	216	0.0117734112	216	0.03191334	216	0	216	0	216	0
217	0	217	8	217	0	217	-52	217	-61956	217	28	217	-20431	217	-25533	217	500	217	-1	217	0	217	11	217	-0.0146738458	217	0.006905339	217	0.0129475109	217	0	217	0	217	0	217	0	217	0	217	0	217	0	217	0	217	-28	217	-0.0243114047	217	0.0114371208	217	0.0289329831	217	0	217	0	217	0
218	0	218	8	218	0	218	-88	218	-61996	218	24	218	-19652	218	-18727	218	-3807	218	-1	218	0	218	16	218	-0.0146738458	218	0.006905339	218	0.0207160171	218	0	218	0	218	0	218	0	218	0	218	0	218	0	218	0	218	-24	218	-0.0243114047	218	0.0114371208	218	0.032949768	218	0	218	0	218	0
219	0	219	8	219	0	219	-132	219	-62028	219	28	219	-22786	219	-17261	219	-190	219	-1	219	0	219	13	219	-0.0146738458	219	0.006905339	219	0.0155370133	219	0	219	0	219	0	219	0	219	0	219	0	219	0	219	0	219	-28	219	-0.0241769869	219	0.0114371208	219	0.0296084639	219	0	219	0	219	0
220	0	220	8	220	0	220	-160	220	-62048	220	28	220	-21085	220	-11836	220	668	220	1	220	1	220	15	220	-0.0129475109	220	0.00776850665	220	0.0189896822	220	0	220	0	220	0	220	0	220	0	220	0	220	0	220	0	220	-28	220	-0.0241769869	220	0.0110988161	220	0.0289607774	220	0	220	0	220	0
221	0	221	8	221	0	221	-192	221	-62064	221	28	221	-17719	221	-4297	221	35	221	1	221	0	221	13	221	-0.0120843435	221	0.00604217174	221	0.01640018	221	0	221	0	221	0	221	0	221	0	221	0	221	0	221	0	221	-28	221	-0.0241769869	221	0.0110988161	221	0.029232109	221	0	221	0	221	0
222	0	222	8	222	0	222	-232	222	-62060	222	48	222	-18658	222	1646	222	7004	222	2	222	0	222	11	222	-0.011221176	222	0.00604217174	222	0.0129475109	222	0	222	0	222	0	222	0	222	0	222	0	222	0	222	0	222	-48	222	-0.0241769869	222	0.0110988161	222	0.02217478	222	0	222	0	222	0
223	0	223	8	223	0	223	-260	223	-62052	223	36	223	-15976	223	3035	223	-2707	223	2	223	0	223	15	223	-0.011221176	223	0.006905339	223	0.0189896822	223	0	223	0	223	0	223	0	223	0	223	0	223	0	223	0	223	-36	223	-0.0240340475	223	0.0110988161	223	0.0310432073	223	0	223	0	223	0
224	0	224	8	224	0	224	-276	224	-62052	224	36	224	-13567	224	1272	224	-2472	224	-2	224	-1	224	16	224	-0.01640018	224	0.00517900428	224	0.01985285	224	0	224	0	224	0	224	0	224	0	224	0	224	0	224	0	224	-36	224	-0.0240340475	224	0.0110988161	224	0.03109883	224	0	224	0	224	0
225	0	225	8	225	0	225	-284	225	-62048	225	24	225	-5320	225	2601	225	-2545	225	1	225	0	225	13	225	-0.0120843435	225	0.00604217174	225	0.01640018	225	0	225	0	225	0	225	0	225	0	225	0	225	0	225	0	225	-24	225	-0.0240340475	225	0.0110988161	225	0.0314625725	225	0	225	0	225	0
226	0	226	8	226	0	226	-288	226	-62048	226	28	226	-1070	226	2534	226	-113	226	0	226	-1	226	17	226	-0.0138106784	226	0.00517900428	226	0.0215791855	226	0	226	0	226	0	226	0	226	0	226	0	226	0	226	0	226	-28	226	-0.0240340475	226	0.0110988161	226	0.02949447	226	0	226	0	226	0
227	0	227	8	227	0	227	-276	227	-62036	227	28	227	3800	227	3657	227	-460	227	0	227	1	227	13	227	-0.0129475109	227	0.008631674	227	0.0155370133	227	0	227	0	227	0	227	0	227	0	227	0	227	0	227	0	227	-28	227	-0.0240340475	227	0.0114371208	227	0.029480109	227	0	227	0	227	0
228	0	228	8	228	0	228	-264	228	-62020	228	36	228	8986	228	9200	228	3623	228	1	228	1	228	13	228	-0.0120843435	228	0.008631674	228	0.01640018	228	0	228	0	228	0	228	0	228	0	228	0	228	0	228	0	228	-36	228	-0.0240340475	228	0.0114371208	228	0.0256639253	228	0	228	0	228	0
229	0	229	8	229	0	229	-252	229	-62020	229	32	229	7530	229	5287	229	-1735	229	1	229	0	229	15	229	-0.0120843435	229	0.006905339	229	0.0189896822	229	0	229	0	229	0	229	0	229	0	229	0	229	0	229	0	229	-32	229	-0.0240340475	229	0.0114371208	229	0.03016129	229	0	229	0	229	0
230	0	230	8	230	0	230	-228	230	-62020	230	44	230	10925	230	1411	230	2754	230	2	230	0	230	13	230	-0.011221176	230	0.00604217174	230	0.0155370133	230	0	230	0	230	0	230	0	230	0	230	0	230	0	230	0	230	-44	230	-0.0241769869	230	0.0114371208	230	0.0257625189	230	0	230	0	230	0
231	0	231	8	231	0	231	-208	231	-62004	231	44	231	10103	231	7061	231	-524	231	-1	231	0	231	13	231	-0.0146738458	231	0.00604217174	231	0.01640018	231	0	231	0	231	0	231	0	231	0	231	0	231	0	231	0	231	-44	231	-0.0241769869	231	0.0114371208	231	0.02837096	231	0	231	0	231	0
232	0	232	8	232	0	232	-188	232	-62016	232	48	232	10436	232	-2013	232	667	232	2	232	0	232	13	232	-0.011221176	232	0.006905339	232	0.0155370133	232	0	232	0	232	0	232	0	232	0	232	0	232	0	232	0	232	-48	232	-0.0241769869	232	0.0114371208	232	0.02718143	232	0	232	0	232	0
233	0	233	8	233	0	233	-172	233	-62012	233	44	233	10111	233	-646	233	-895	233	-3	233	1	233	13	233	-0.0181265157	233	0.00776850665	233	0.01640018	233	0	233	0	233	0	233	0	233	0	233	0	233	0	233	0	233	-44	233	-0.0241769869	233	0.0114371208	233	0.02865949	233	0	233	0	233	0
234	0	234	8	234	0	234	-160	234	-62016	234	32	234	7258	234	477	234	-5192	234	0	234	1	234	14	234	-0.0138106784	234	0.008631674	234	0.0172633473	234	0	234	0	234	0	234	0	234	0	234	0	234	0	234	0	234	-32	234	-0.0241769869	234	0.0114371208	234	0.0327653363	234	0	234	0	234	0
235	0	235	8	235	0	235	-148	235	-62016	235	32	235	4856	235	699	235	-3615	235	1	235	0	235	14	235	-0.0120843435	235	0.00604217174	235	0.0172633473	235	0	235	0	235	0	235	0	235	0	235	0	235	0	235	0	235	-32	235	-0.0241769869	235	0.0114371208	235	0.0316175	235	0	235	0	235	0
236	0	236	8	236	0	236	-148	236	-62016	236	24	236	3155	236	1677	236	-5602	236	0	236	1	236	13	236	-0.0138106784	236	0.00776850665	236	0.01640018	236	0	236	0	236	0	236	0	236	0	236	0	236	0	236	0	236	-24	236	-0.0241769869	236	0.0114371208	236	0.03370799	236	0	236	0	236	0
237	0	237	8	237	0	237	-136	237	-62016	237	16	237	6280	237	3048	237	-3879	237	1	237	0	237	14	237	-0.0120843435	237	0.00604217174	237	0.0181265157	237	0	237	0	237	0	237	0	237	0	237	0	237	0	237	0	237	-16	237	-0.0241769869	237	0.0114371208	237	0.03266287	237	0	237	0	237	0
238	0	238	8	238	0	238	-124	238	-62016	238	16	238	6248	238	2158	238	-2271	238	-1	238	0	238	14	238	-0.0146738458	238	0.006905339	238	0.0181265157	238	0	238	0	238	0	238	0	238	0	238	0	238	0	238	0	238	-16	238	-0.0241769869	238	0.0114371208	238	0.03134475	238	0	238	0	238	0
239	0	239	8	239	0	239	-104	239	-62012	239	12	239	11909	239	3262	239	-4555	239	1	239	1	239	14	239	-0.0120843435	239	0.00776850665	239	0.0181265157	239	0	239	0	239	0	239	0	239	0	239	0	239	0	239	0	239	-12	239	-0.0243114047	239	0.0114371208	239	0.0335008278	239	0	239	0	239	0
240	0	240	8	240	0	240	-84	240	-62020	240	16	240	13759	240	532	240	-713	240	-1	240	0	240	15	240	-0.0155370133	240	0.006905339	240	0.0189896822	240	0	240	0	240	0	240	0	240	0	240	0	240	0	240	0	240	-16	240	-0.0243114047	240	0.0114371208	240	0.0302591	240	0	240	0	240	0
241	0	241	8	241	0	241	-52	241	-62016	241	4	241	18192	241	2794	241	-1959	241	1	241	0	241	14	241	-0.0120843435	241	0.006905339	241	0.0181265157	241	0	241	0	241	0	241	0	241	0	241	0	241	0	241	0	241	-4	241	-0.0243114047	241	0.0114371208	241	0.0319241881	241	0	241	0	241	0
242	0	242	8	242	0	242	-40	242	-62012	242	4	242	10127	242	2596	242	50	242	-1	242	0	242	13	242	-0.0155370133	242	0.00604217174	242	0.0155370133	242	0	242	0	242	0	242	0	242	0	242	0	242	0	242	0	242	-4	242	-0.0243114047	242	0.0114371208	242	0.0300921369	242	0	242	0	242	0
243	0	243	8	243	0	243	-4	243	-62016	243	4	243	16056	243	1276	243	-318	243	3	243	1	243	13	243	-0.009494841	243	0.00776850665	243	0.01640018	243	0	243	0	243	0	243	0	243	0	243	0	243	0	243	0	243	-4	243	-0.0243114047	243	0.0114371208	243	0.0307031889	243	0	243	0	243	0
244	0	244	8	244	0	244	20	244	-62008	244	0	244	15307	244	5360	244	133	244	-1	244	0	244	17	244	-0.0146738458	244	0.006905339	244	0.0215791855	244	0	244	0	244	0	244	0	244	0	244	0	244	0	244	0	244	0	244	-0.0244374443	244	0.0114371208	244	0.030526353	244	0	244	0	244	0
245	0	245	8	245	0	245	44	245	-62012	245	0	245	15411	245	1568	245	16	245	1	245	1	245	14	245	-0.0129475109	245	0.00776850665	245	0.0172633473	245	0	245	0	245	0	245	0	245	0	245	0	245	0	245	0	245	0	245	-0.0244374443	245	0.0114371208	245	0.0305658188	245	0	245	0	245	0
246	0	246	8	246	0	246	64	246	-62004	246	0	246	10975	246	4387	246	-2220	246	1	246	1	246	14	246	-0.0120843435	246	0.00776850665	246	0.0172633473	246	0	246	0	246	0	246	0	246	0	246	0	246	0	246	0	246	0	246	-0.0244374443	246	0.0114371208	246	0.0324955	246	0	246	0	246	0
247	0	247	8	247	0	247	84	247	-62000	247	12	247	8700	247	5769	247	2609	247	0	247	0	247	14	247	-0.0138106784	247	0.006905339	247	0.0172633473	247	0	247	0	247	0	247	0	247	0	247	0	247	0	247	0	247	-12	247	-0.0244374443	247	0.0114371208	247	0.0275554489	247	0	247	0	247	0
248	0	248	8	248	0	248	88	248	-62000	248	16	248	5072	248	1570	248	-459	248	1	248	1	248	15	248	-0.0129475109	248	0.00776850665	248	0.0189896822	248	0	248	0	248	0	248	0	248	0	248	0	248	0	248	0	248	-16	248	-0.0244374443	248	0.0114371208	248	0.0299822669	248	0	248	0	248	0
249	0	249	8	249	0	249	100	249	-61980	249	16	249	2284	249	6970	249	549	249	-2	249	-1	249	16	249	-0.01640018	249	0.00517900428	249	0.0207160171	249	0	249	0	249	0	249	0	249	0	249	0	249	0	249	0	249	-16	249	-0.0244374443	249	0.0114371208	249	0.0290528964	249	0	249	0	249	0
250	0	250	8	250	0	250	100	250	-61968	250	12	250	165	250	7348	250	-2413	250	1	250	1	250	14	250	-0.0120843435	250	0.00776850665	250	0.0181265157	250	0	250	0	250	0	250	0	250	0	250	0	250	0	250	0	250	-12	250	-0.0244374443	250	0.0114371208	250	0.0317955	250	0	250	0	250	0
251	0	251	8	251	0	251	100	251	-61956	251	12	251	-1063	251	8186	251	30	251	-1	251	0	251	14	251	-0.0155370133	251	0.00604217174	251	0.0181265157	251	0	251	0	251	0	251	0	251	0	251	0	251	0	251	0	251	-12	251	-0.0244374443	251	0.0114371208	251	0.0298073981	251	0	251	0	251	0
252	0	252	8	252	0	252	108	252	-61948	252	4	252	3589	252	3661	252	-4437	252	1	252	1	252	15	252	-0.0120843435	252	0.00776850665	252	0.0189896822	252	0	252	0	252	0	252	0	252	0	252	0	252	0	252	0	252	-4	252	-0.0244374443	252	0.0114371208	252	0.03404993	252	0	252	0	252	0
253	0	253	8	253	0	253	104	253	-61956	253	4	253	-1257	253	-1058	253	-1237	253	0	253	0	253	13	253	-0.0138106784	253	0.00604217174	253	0.0155370133	253	0	253	0	253	0	253	0	253	0	253	0	253	0	253	0	253	-4	253	-0.0244374443	253	0.0114371208	253	0.03114065	253	0	253	0	253	0
254	0	254	8	254	0	254	104	254	-61948	254	8	254	-1124	254	-1197	254	2117	254	0	254	1	254	13	254	-0.0138106784	254	0.008631674	254	0.0155370133	254	0	254	0	254	0	254	0	254	0	254	0	254	0	254	0	254	-8	254	-0.0244374443	254	0.0114371208	254	0.0280896	254	0	254	0	254	0
255	0	255	8	255	0	255	96	255	-61948	255	12	255	-2118	255	2251	255	503	255	1	255	0	255	14	255	-0.0120843435	255	0.00604217174	255	0.0181265157	255	0	255	0	255	0	255	0	255	0	255	0	255	0	255	0	255	-12	255	-0.0244374443	255	0.0114371208	255	0.0293944534	255	0	255	0	255	0
256	0	256	8	256	0	256	100	256	-61944	256	12	256	895	256	3121	256	250	256	-1	256	0	256	14	256	-0.0146738458	256	0.006905339	256	0.0181265157	256	0	256	0	256	0	256	0	256	0	256	0	256	0	256	0	256	-12	256	-0.0244374443	256	0.0114371208	256	0.02968189	256	0	256	0	256	0
257	0	257	8	257	0	257	84	257	-61956	257	4	257	-4854	257	-1043	257	-3382	257	3	257	0	257	14	257	-0.008631674	257	0.006905339	257	0.0181265157	257	0	257	0	257	0	257	0	257	0	257	0	257	0	257	0	257	-4	257	-0.0244374443	257	0.0114371208	257	0.0332072228	257	0	257	0	257	0
258	0	258	8	258	0	258	72	258	-61952	258	4	258	-9800	258	1288	258	1137	258	-2	258	0	258	13	258	-0.01640018	258	0.00604217174	258	0.0155370133	258	0	258	0	258	0	258	0	258	0	258	0	258	0	258	0	258	-4	258	-0.0244374443	258	0.0114371208	258	0.0290592853	258	0	258	0	258	0
259	0	259	8	259	0	259	52	259	-61956	259	12	259	-11490	259	-1058	259	2011	259	3	259	-1	259	13	259	-0.009494841	259	0.00517900428	259	0.01640018	259	0	259	0	259	0	259	0	259	0	259	0	259	0	259	0	259	-12	259	-0.0244374443	259	0.0114371208	259	0.0280594584	259	0	259	0	259	0
260	0	260	8	260	0	260	32	260	-61952	260	16	260	-13709	260	1136	260	2069	260	-2	260	0	260	12	260	-0.01640018	260	0.006905339	260	0.0138106784	260	0	260	0	260	0	260	0	260	0	260	0	260	0	260	0	260	-16	260	-0.0244374443	260	0.0114371208	260	0.0276928078	260	0	260	0	260	0
261	0	261	8	261	0	261	4	261	-61960	261	20	261	-16758	261	-1998	261	3569	261	1	261	0	261	15	261	-0.0120843435	261	0.006905339	261	0.0189896822	261	0	261	0	261	0	261	0	261	0	261	0	261	0	261	0	261	-20	261	-0.0243114047	261	0.0114371208	261	0.0261839386	261	0	261	0	261	0
262	0	262	8	262	0	262	-24	262	-61956	262	20	262	-19275	262	2346	262	162	262	0	262	0	262	14	262	-0.0138106784	262	0.00604217174	262	0.0172633473	262	0	262	0	262	0	262	0	262	0	262	0	262	0	262	0	262	-20	262	-0.0243114047	262	0.0114371208	262	0.0290436167	262	0	262	0	262	0
263	0	263	8	263	0	263	-60	263	-61956	263	12	263	-20401	263	1692	263	-2799	263	-1	263	1	263	14	263	-0.0146738458	263	0.008631674	263	0.0181265157	263	0	263	0	263	0	263	0	263	0	263	0	263	0	263	0	263	-12	263	-0.0243114047	263	0.0114371208	263	0.0318417326	263	0	263	0	263	0
264	0	264	8	264	0	264	-92	264	-61960	264	12	264	-17174	264	416	264	-2563	264	0	264	1	264	14	264	-0.0138106784	264	0.00776850665	264	0.0181265157	264	0	264	0	264	0	264	0	264	0	264	0	264	0	264	0	264	-12	264	-0.0243114047	264	0.0114371208	264	0.0319103226	264	0	264	0	264	0
265	0	265	8	265	0	265	-124	265	-61964	265	12	265	-18343	265	473	265	-492	265	-1	265	0	265	13	265	-0.0146738458	265	0.006905339	265	0.0155370133	265	0	265	0	265	0	265	0	265	0	265	0	265	0	265	0	265	-12	265	-0.0241769869	265	0.0114371208	265	0.0298145022	265	0	265	0	265	0
266	0	266	8	266	0	266	-144	266	-61968	266	24	266	-13244	266	-589	266	4071	266	1	266	0	266	12	266	-0.0120843435	266	0.006905339	266	0.0146738458	266	0	266	0	266	0	266	0	266	0	266	0	266	0	266	0	266	-24	266	-0.0241769869	266	0.0114371208	266	0.02549961	266	0	266	0	266	0
267	0	267	8	267	0	267	-180	267	-61960	267	20	267	-14306	267	3328	267	571	267	-1	267	0	267	14	267	-0.0146738458	267	0.00604217174	267	0.0172633473	267	0	267	0	267	0	267	0	267	0	267	0	267	0	267	0	267	-20	267	-0.0241769869	267	0.0114371208	267	0.0284842383	267	0	267	0	267	0
268	0	268	8	268	0	268	-204	268	-61964	268	24	268	-12278	268	932	268	2450	268	1	268	1	268	11	268	-0.0129475109	268	0.00776850665	268	0.0129475109	268	0	268	0	268	0	268	0	268	0	268	0	268	0	268	0	268	-24	268	-0.0241769869	268	0.0114371208	268	0.0263617653	268	0	268	0	268	0
269	0	269	8	269	0	269	-216	269	-61968	269	32	269	-6547	269	-323	269	1708	269	0	269	0	269	13	269	-0.0138106784	269	0.006905339	269	0.01640018	269	0	269	0	269	0	269	0	269	0	269	0	269	0	269	0	269	-32	269	-0.0241769869	269	0.0114371208	269	0.0268819276	269	0	269	0	269	0
270	0	270	8	270	0	270	-232	270	-61964	270	24	270	-5447	270	2171	270	-2026	270	-1	270	0	270	13	270	-0.0146738458	270	0.006905339	270	0.01640018	270	0	270	0	270	0	270	0	270	0	270	0	270	0	270	0	270	-24	270	-0.0241769869	270	0.0114371208	270	0.030176511	270	0	270	0	270	0
271	0	271	8	271	0	271	-244	271	-61964	271	32	271	-3118	271	-970	271	1456	271	1	271	1	271	12	271	-0.0129475109	271	0.008631674	271	0.0146738458	271	0	271	0	271	0	271	0	271	0	271	0	271	0	271	0	271	-32	271	-0.0241769869	271	0.0114371208	271	0.0267973971	271	0	271	0	271	0
272	0	272	8	272	0	272	-236	272	-61964	272	28	272	67	272	4134	272	-934	272	0	272	0	272	12	272	-0.0138106784	272	0.00604217174	272	0.0146738458	272	0	272	0	272	0	272	0	272	0	272	0	272	0	272	0	272	-28	272	-0.0241769869	272	0.0114371208	272	0.0288383532	272	0	272	0	272	0
273	0	273	8	273	0	273	-228	273	-61964	273	36	273	3013	273	-358	273	1413	273	1	273	0	273	13	273	-0.0120843435	273	0.006905339	273	0.01640018	273	0	273	0	273	0	273	0	273	0	273	0	273	0	273	0	273	-36	273	-0.0241769869	273	0.0114371208	273	0.0265123416	273	0	273	0	273	0
274	0	274	8	274	0	274	-224	274	-61968	274	28	274	1653	274	697	274	-3024	274	1	274	1	274	15	274	-0.0120843435	274	0.008631674	274	0.0189896822	274	0	274	0	274	0	274	0	274	0	274	0	274	0	274	0	274	-28	274	-0.0241769869	274	0.0114371208	274	0.0305549186	274	0	274	0	274	0
275	0	275	8	275	0	275	-216	275	-61964	275	36	275	3857	275	38	275	2097	275	1	275	1	275	12	275	-0.0120843435	275	0.00776850665	275	0.0146738458	275	0	275	0	275	0	275	0	275	0	275	0	275	0	275	0	275	-36	275	-0.0241769869	275	0.0114371208	275	0.0259236377	275	0	275	0	275	0
276	0	276	8	276	0	276	-196	276	-61964	276	24	276	6298	276	198	276	-3730	276	-1	276	1	276	14	276	-0.0155370133	276	0.00776850665	276	0.0181265157	276	0	276	0	276	0	276	0	276	0	276	0	276	0	276	0	276	-24	276	-0.0241769869	276	0.0114371208	276	0.0313234627	276	0	276	0	276	0
277	0	277	8	277	0	277	-188	277	-61960	277	28	277	6323	277	-5	277	-1533	277	1	277	1	277	14	277	-0.0120843435	277	0.00776850665	277	0.0172633473	277	0	277	0	277	0	277	0	277	0	277	0	277	0	277	0	277	-28	277	-0.0241769869	277	0.0114371208	277	0.029322857	277	0	277	0	277	0
278	0	278	8	278	0	278	-180	278	-61964	278	28	278	3177	278	1579	278	-1165	278	-1	278	1	278	13	278	-0.0146738458	278	0.00776850665	278	0.01640018	278	0	278	0	278	0	278	0	278	0	278	0	278	0	278	0	278	-28	278	-0.0241769869	278	0.0114371208	278	0.02896705	278	0	278	0	278	0
279	0	279	8	279	0	279	-172	279	-61964	279	32	279	6876	279	-2735	279	-91	279	1	279	2	279	14	279	-0.0120843435	279	0.009494841	279	0.0172633473	279	0	279	0	279	0	279	0	279	0	279	0	279	0	279	0	279	-32	279	-0.0241769869	279	0.0114371208	279	0.0278624017	279	0	279	0	279	0
280	0	280	8	280	0	280	-164	280	-61964	280	32	280	2897	280	-1389	280	-617	280	0	280	0	280	13	280	-0.0138106784	280	0.006905339	280	0.01640018	280	0	280	0	280	0	280	0	280	0	280	0	280	0	280	0	280	-32	280	-0.0241769869	280	0.0114371208	280	0.0283645671	280	0	280	0	280	0
281	0	281	8	281	0	281	-152	281	-61964	281	28	281	3739	281	2850	281	-5512	281	0	281	0	281	14	281	-0.0138106784	281	0.006905339	281	0.0172633473	281	0	281	0	281	0	281	0	281	0	281	0	281	0	281	0	281	-28	281	-0.0241769869	281	0.0114371208	281	0.0326321572	281	0	281	0	281	0
282	0	282	8	282	0	282	-148	282	-61968	282	36	282	1863	282	-4445	282	1686	282	1	282	1	282	14	282	-0.0129475109	282	0.00776850665	282	0.0172633473	282	0	282	0	282	0	282	0	282	0	282	0	282	0	282	0	282	-36	282	-0.0241769869	282	0.0114371208	282	0.0259808321	282	0	282	0	282	0
283	0	283	8	283	0	283	-132	283	-61968	283	32	283	6903	283	516	283	-4751	283	-1	283	0	283	16	283	-0.0155370133	283	0.006905339	283	0.01985285	283	0	283	0	283	0	283	0	283	0	283	0	283	0	283	0	283	-32	283	-0.0241769869	283	0.0114371208	283	0.0319951177	283	0	283	0	283	0
284	0	284	8	284	0	284	-128	284	-61964	284	28	284	4509	284	141	284	1500	284	2	284	0	284	11	284	-0.011221176	284	0.006905339	284	0.0129475109	284	0	284	0	284	0	284	0	284	0	284	0	284	0	284	0	284	-28	284	-0.0241769869	284	0.0114371208	284	0.0264399219	284	0	284	0	284	0
285	0	285	8	285	0	285	-104	285	-61964	285	28	285	9159	285	365	285	-395	285	-1	285	0	285	14	285	-0.0146738458	285	0.00604217174	285	0.0172633473	285	0	285	0	285	0	285	0	285	0	285	0	285	0	285	0	285	-28	285	-0.0243114047	285	0.0114371208	285	0.0281319413	285	0	285	0	285	0
286	0	286	8	286	0	286	-104	286	-61964	286	24	286	5906	286	516	286	-1643	286	2	286	1	286	14	286	-0.0103580086	286	0.008631674	286	0.0172633473	286	0	286	0	286	0	286	0	286	0	286	0	286	0	286	0	286	-24	286	-0.0243114047	286	0.0114371208	286	0.0292382445	286	0	286	0	286	0
287	0	287	8	287	0	287	-80	287	-61964	287	28	287	12124	287	1561	287	-848	287	-1	287	-1	287	13	287	-0.0146738458	287	0.004315837	287	0.01640018	287	0	287	0	287	0	287	0	287	0	287	0	287	0	287	0	287	-28	287	-0.0243114047	287	0.0114371208	287	0.028608257	287	0	287	0	287	0
288	0	288	8	288	0	288	-72	288	-61960	288	20	288	8935	288	873	288	-1277	288	2	288	1	288	14	288	-0.0103580086	288	0.00776850665	288	0.0172633473	288	0	288	0	288	0	288	0	288	0	288	0	288	0	288	0	288	-20	288	-0.0243114047	288	0.0114371208	288	0.0289550666	288	0	288	0	288	0
289	0	289	8	289	0	289	-48	289	-61960	289	24	289	9165	289	1386	289	-763	289	1	289	0	289	14	289	-0.0129475109	289	0.00604217174	289	0.0181265157	289	0	289	0	289	0	289	0	289	0	289	0	289	0	289	0	289	-24	289	-0.0243114047	289	0.0114371208	289	0.0283247326	289	0	289	0	289	0
290	0	290	8	290	0	290	-24	290	-61960	290	28	290	14392	290	1509	290	783	290	-1	290	0	290	13	290	-0.0155370133	290	0.00604217174	290	0.0155370133	290	0	290	0	290	0	290	0	290	0	290	0	290	0	290	0	290	-28	290	-0.0243114047	290	0.0114371208	290	0.0268615652	290	0	290	0	290	0
291	0	291	8	291	0	291	-12	291	-61964	291	32	291	8763	291	-723	291	1014	291	1	291	0	291	14	291	-0.0129475109	291	0.00604217174	291	0.0172633473	291	0	291	0	291	0	291	0	291	0	291	0	291	0	291	0	291	-32	291	-0.0243114047	291	0.0114371208	291	0.0265559163	291	0	291	0	291	0
292	0	292	8	292	0	292	8	292	-61960	292	20	292	9463	292	-16	292	-2866	292	-2	292	0	292	16	292	-0.0172633473	292	0.00604217174	292	0.0207160171	292	0	292	0	292	0	292	0	292	0	292	0	292	0	292	0	292	-20	292	-0.0243114047	292	0.0114371208	292	0.0303964857	292	0	292	0	292	0
293	0	293	8	293	0	293	32	293	-61952	293	20	293	14101	293	3343	293	-1915	293	2	293	1	293	13	293	-0.011221176	293	0.00776850665	293	0.0155370133	293	0	293	0	293	0	293	0	293	0	293	0	293	0	293	0	293	-20	293	-0.0244374443	293	0.0114371208	293	0.0296565685	293	0	293	0	293	0
294	0	294	8	294	0	294	40	294	-61952	294	20	294	10142	294	6094	294	-2303	294	-1	294	1	294	14	294	-0.0155370133	294	0.00776850665	294	0.0181265157	294	0	294	0	294	0	294	0	294	0	294	0	294	0	294	0	294	-20	294	-0.0244374443	294	0.0114371208	294	0.0298898239	294	0	294	0	294	0
295	0	295	8	295	0	295	52	295	-61956	295	20	295	4984	295	1771	295	-1840	295	1	295	1	295	14	295	-0.0120843435	295	0.00776850665	295	0.0181265157	295	0	295	0	295	0	295	0	295	0	295	0	295	0	295	0	295	-20	295	-0.0244374443	295	0.0114371208	295	0.02969659	295	0	295	0	295	0
296	0	296	8	296	0	296	64	296	-61956	296	16	296	9504	296	-1158	296	-2752	296	-1	296	1	296	14	296	-0.0146738458	296	0.008631674	296	0.0172633473	296	0	296	0	296	0	296	0	296	0	296	0	296	0	296	0	296	-16	296	-0.0244374443	296	0.0114371208	296	0.0307103526	296	0	296	0	296	0
297	0	297	8	297	0	297	64	297	-61948	297	12	297	-540	297	3448	297	-1088	297	2	297	1	297	14	297	-0.011221176	297	0.00776850665	297	0.0172633473	297	0	297	0	297	0	297	0	297	0	297	0	297	0	297	0	297	-12	297	-0.0244374443	297	0.0114371208	297	0.029439291	297	0	297	0	297	0
298	0	298	8	298	0	298	68	298	-61952	298	12	298	2376	298	-279	298	-1163	298	0	298	1	298	13	298	-0.0138106784	298	0.00776850665	298	0.0155370133	298	0	298	0	298	0	298	0	298	0	298	0	298	0	298	0	298	-12	298	-0.0244374443	298	0.0114371208	298	0.029664306	298	0	298	0	298	0
299	0	299	8	299	0	299	72	299	-61952	299	4	299	-106	299	2641	299	612	299	0	299	1	299	14	299	-0.0138106784	299	0.00776850665	299	0.0181265157	299	0	299	0	299	0	299	0	299	0	299	0	299	0	299	0	299	-4	299	-0.0244374443	299	0.0114371208	299	0.02826489	299	0	299	0	299	0
300	0	300	8	300	0	300	76	300	-61948	300	8	300	-126	300	-1123	300	-1191	300	2	300	0	300	14	300	-0.0103580086	300	0.00604217174	300	0.0181265157	300	0	300	0	300	0	300	0	300	0	300	0	300	0	300	0	300	-8	300	-0.0244374443	300	0.0114371208	300	0.0298083965	300	0	300	0	300	0
301	0	301	8	301	0	301	68	301	-61952	301	4	301	-4775	301	-283	301	-1476	301	-2	301	0	301	15	301	-0.01640018	301	0.00604217174	301	0.0189896822	301	0	301	0	301	0	301	0	301	0	301	0	301	0	301	0	301	-4	301	-0.0244374443	301	0.0114371208	301	0.030213641	301	0	301	0	301	0
302	0	302	8	302	0	302	68	302	-61944	302	8	302	-952	302	5267	302	1704	302	1	302	1	302	12	302	-0.0120843435	302	0.00776850665	302	0.0138106784	302	0	302	0	302	0	302	0	302	0	302	0	302	0	302	0	302	-8	302	-0.0244374443	302	0.0114371208	302	0.0272205975	302	0	302	0	302	0
303	0	303	8	303	0	303	64	303	-61944	303	4	303	-6572	303	2167	303	-1334	303	1	303	0	303	14	303	-0.0129475109	303	0.006905339	303	0.0172633473	303	0	303	0	303	0	303	0	303	0	303	0	303	0	303	0	303	-4	303	-0.0244374443	303	0.0114371208	303	0.0299920421	303	0	303	0	303	0
304	0	304	8	304	0	304	56	304	-61952	304	8	304	-4186	304	1355	304	-1526	304	-1	304	1	304	13	304	-0.0146738458	304	0.00776850665	304	0.01640018	304	0	304	0	304	0	304	0	304	0	304	0	304	0	304	0	304	-8	304	-0.0244374443	304	0.0114371208	304	0.0299898032	304	0	304	0	304	0
305	0	305	8	305	0	305	44	305	-61952	305	4	305	-7456	305	921	305	-1835	305	-1	305	0	305	15	305	-0.0146738458	305	0.00604217174	305	0.0189896822	305	0	305	0	305	0	305	0	305	0	305	0	305	0	305	0	305	-4	305	-0.0244374443	305	0.0114371208	305	0.0303720925	305	0	305	0	305	0
306	0	306	8	306	0	306	36	306	-61952	306	12	306	-6784	306	218	306	-892	306	2	306	1	306	12	306	-0.011221176	306	0.00776850665	306	0.0146738458	306	0	306	0	306	0	306	0	306	0	306	0	306	0	306	0	306	-12	306	-0.0244374443	306	0.0114371208	306	0.0293023	306	0	306	0	306	0
307	0	307	8	307	0	307	16	307	-61952	307	12	307	-8314	307	-145	307	-2317	307	-1	307	0	307	14	307	-0.0146738458	307	0.00604217174	307	0.0181265157	307	0	307	0	307	0	307	0	307	0	307	0	307	0	307	0	307	-12	307	-0.0244374443	307	0.0114371208	307	0.0304482859	307	0	307	0	307	0
308	0	308	8	308	0	308	0	308	-61952	308	4	308	-7490	308	2225	308	-4629	308	-1	308	1	308	12	308	-0.0146738458	308	0.008631674	308	0.0138106784	308	0	308	0	308	0	308	0	308	0	308	0	308	0	308	0	308	-4	308	-0.0243114047	308	0.0114371208	308	0.03243137	308	0	308	0	308	0
309	0	309	8	309	0	309	-24	309	-61952	309	16	309	-10214	309	467	309	1160	309	2	309	0	309	12	309	-0.011221176	309	0.00604217174	309	0.0146738458	309	0	309	0	309	0	309	0	309	0	309	0	309	0	309	0	309	-16	309	-0.0243114047	309	0.0114371208	309	0.0272480268	309	0	309	0	309	0
310	0	310	8	310	0	310	-36	310	-61952	310	20	310	-10387	310	1146	310	1739	310	-1	310	-1	310	14	310	-0.0146738458	310	0.00517900428	310	0.0181265157	310	0	310	0	310	0	310	0	310	0	310	0	310	0	310	0	310	-20	310	-0.0243114047	310	0.0114371208	310	0.0265478659	310	0	310	0	310	0
311	0	311	8	311	0	311	-60	311	-61960	311	12	311	-10092	311	-1014	311	-3404	311	3	311	1	311	13	311	-0.009494841	311	0.00776850665	311	0.01640018	311	0	311	0	311	0	311	0	311	0	311	0	311	0	311	0	311	-12	311	-0.0243114047	311	0.0114371208	311	0.0311807152	311	0	311	0	311	0
312	0	312	8	312	0	312	-68	312	-61960	312	16	312	-8906	312	724	312	-157	312	-1	312	0	312	13	312	-0.0146738458	312	0.00604217174	312	0.0155370133	312	0	312	0	312	0	312	0	312	0	312	0	312	0	312	0	312	-16	312	-0.0243114047	312	0.0114371208	312	0.02834825	312	0	312	0	312	0
313	0	313	8	313	0	313	-88	313	-61956	313	16	313	-11079	313	3611	313	-785	313	0	313	0	313	14	313	-0.0138106784	313	0.006905339	313	0.0172633473	313	0	313	0	313	0	313	0	313	0	313	0	313	0	313	0	313	-16	313	-0.0243114047	313	0.0114371208	313	0.0287225936	313	0	313	0	313	0
314	0	314	8	314	0	314	-100	314	-61956	314	16	314	-8281	314	1279	314	-49	314	1	314	1	314	14	314	-0.0129475109	314	0.008631674	314	0.0172633473	314	0	314	0	314	0	314	0	314	0	314	0	314	0	314	0	314	-16	314	-0.0243114047	314	0.0114371208	314	0.02814907	314	0	314	0	314	0
315	0	315	8	315	0	315	-112	315	-61956	315	16	315	-8955	315	3008	315	-2069	315	-1	315	0	315	14	315	-0.0146738458	315	0.006905339	315	0.0172633473	315	0	315	0	315	0	315	0	315	0	315	0	315	0	315	0	315	-16	315	-0.0243114047	315	0.0114371208	315	0.029900467	315	0	315	0	315	0
316	0	316	8	316	0	316	-124	316	-61960	316	16	316	-6215	316	1409	316	1134	316	0	316	0	316	13	316	-0.0138106784	316	0.006905339	316	0.01640018	316	0	316	0	316	0	316	0	316	0	316	0	316	0	316	0	316	-16	316	-0.0241769869	316	0.0114371208	316	0.027038889	316	0	316	0	316	0
317	0	317	8	317	0	317	-132	317	-61956	317	16	317	-5804	317	211	317	-33	317	0	317	1	317	13	317	-0.0138106784	317	0.00776850665	317	0.0155370133	317	0	317	0	317	0	317	0	317	0	317	0	317	0	317	0	317	-16	317	-0.0241769869	317	0.0114371208	317	0.02789378	317	0	317	0	317	0
318	0	318	8	318	0	318	-148	318	-61956	318	20	318	-6207	318	-1685	318	321	318	3	318	0	318	14	318	-0.009494841	318	0.006905339	318	0.0181265157	318	0	318	0	318	0	318	0	318	0	318	0	318	0	318	0	318	-20	318	-0.0241769869	318	0.0114371208	318	0.0274122152	318	0	318	0	318	0
319	0	319	8	319	0	319	-152	319	-61960	319	16	319	-5602	319	-480	319	-1967	319	-1	319	0	319	13	319	-0.0146738458	319	0.006905339	319	0.01640018	319	0	319	0	319	0	319	0	319	0	319	0	319	0	319	0	319	-16	319	-0.0241769869	319	0.0114371208	319	0.0295356046	319	0	319	0	319	0
320	0	320	8	320	0	320	-164	320	-61964	320	16	320	-4295	320	-1289	320	380	320	1	320	1	320	13	320	-0.0120843435	320	0.00776850665	320	0.01640018	320	0	320	0	320	0	320	0	320	0	320	0	320	0	320	0	320	-16	320	-0.0241769869	320	0.0114371208	320	0.0275321733	320	0	320	0	320	0
321	0	321	8	321	0	321	-168	321	-61956	321	20	321	-4614	321	3021	321	-1152	321	1	321	0	321	12	321	-0.0120843435	321	0.00604217174	321	0.0146738458	321	0	321	0	321	0	321	0	321	0	321	0	321	0	321	0	321	-20	321	-0.0241769869	321	0.0114371208	321	0.0287474263	321	0	321	0	321	0
322	0	322	8	322	0	322	-176	322	-61964	322	24	322	-1874	322	-954	322	595	322	0	322	1	322	12	322	-0.0138106784	322	0.00776850665	322	0.0138106784	322	0	322	0	322	0	322	0	322	0	322	0	322	0	322	0	322	-24	322	-0.0241769869	322	0.0114371208	322	0.0267851669	322	0	322	0	322	0
323	0	323	8	323	0	323	-172	323	-61960	323	20	323	-534	323	3234	323	-1806	323	0	323	1	323	14	323	-0.0138106784	323	0.008631674	323	0.0181265157	323	0	323	0	323	0	323	0	323	0	323	0	323	0	323	0	323	-20	323	-0.0241769869	323	0.0114371208	323	0.0290788244	323	0	323	0	323	0
324	0	324	8	324	0	324	-172	324	-61960	324	20	324	944	324	4714	324	-2183	324	-1	324	0	324	13	324	-0.0146738458	324	0.006905339	324	0.0155370133	324	0	324	0	324	0	324	0	324	0	324	0	324	0	324	0	324	-20	324	-0.0241769869	324	0.0114371208	324	0.0293101277	324	0	324	0	324	0
325	0	325	8	325	0	325	-176	325	-61968	325	28	325	394	325	-1620	325	3037	325	1	325	0	325	12	325	-0.0129475109	325	0.006905339	325	0.0146738458	325	0	325	0	325	0	325	0	325	0	325	0	325	0	325	0	325	-28	325	-0.0241769869	325	0.0114371208	325	0.02429515	325	0	325	0	325	0
326	0	326	8	326	0	326	-164	326	-61964	326	24	326	3010	326	1667	326	-1118	326	1	326	0	326	14	326	-0.0120843435	326	0.00604217174	326	0.0172633473	326	0	326	0	326	0	326	0	326	0	326	0	326	0	326	0	326	-24	326	-0.0241769869	326	0.0114371208	326	0.0280526225	326	0	326	0	326	0
327	0	327	8	327	0	327	-156	327	-61960	327	28	327	6672	327	1765	327	-904	327	2	327	1	327	11	327	-0.011221176	327	0.008631674	327	0.0129475109	327	0	327	0	327	0	327	0	327	0	327	0	327	0	327	0	327	-28	327	-0.0241769869	327	0.0114371208	327	0.027649628	327	0	327	0	327	0
328	0	328	8	328	0	328	-148	328	-61964	328	36	328	4005	328	1114	328	1636	328	-2	328	0	328	14	328	-0.01640018	328	0.00604217174	328	0.0172633473	328	0	328	0	328	0	328	0	328	0	328	0	328	0	328	0	328	-36	328	-0.0241769869	328	0.0114371208	328	0.0253040586	328	0	328	0	328	0
329	0	329	8	329	0	329	-140	329	-61964	329	24	329	7160	329	1931	329	48	329	2	329	1	329	14	329	-0.011221176	329	0.00776850665	329	0.0172633473	329	0	329	0	329	0	329	0	329	0	329	0	329	0	329	0	329	-24	329	-0.0241769869	329	0.0114371208	329	0.0268199574	329	0	329	0	329	0
330	0	330	8	330	0	330	-132	330	-61960	330	28	330	5221	330	2395	330	-390	330	-1	330	-1	330	13	330	-0.0155370133	330	0.00517900428	330	0.01640018	330	0	330	0	330	0	330	0	330	0	330	0	330	0	330	0	330	-28	330	-0.0241769869	330	0.0114371208	330	0.0272054132	330	0	330	0	330	0
331	0	331	8	331	0	331	-120	331	-61960	331	28	331	7001	331	2970	331	-1015	331	1	331	1	331	12	331	-0.0120843435	331	0.00776850665	331	0.0146738458	331	0	331	0	331	0	331	0	331	0	331	0	331	0	331	0	331	-28	331	-0.0241769869	331	0.0114371208	331	0.0276868176	331	0	331	0	331	0
332	0	332	8	332	0	332	-112	332	-61960	332	28	332	8202	332	1520	332	-2012	332	-1	332	1	332	14	332	-0.0146738458	332	0.00776850665	332	0.0181265157	332	0	332	0	332	0	332	0	332	0	332	0	332	0	332	0	332	-28	332	-0.0243114047	332	0.0114371208	332	0.0284261648	332	0	332	0	332	0
333	0	333	8	333	0	333	-104	333	-61960	333	32	333	2336	333	3123	333	1836	333	1	333	0	333	13	333	-0.0129475109	333	0.006905339	333	0.01640018	333	0	333	0	333	0	333	0	333	0	333	0	333	0	333	0	333	-32	333	-0.0243114047	333	0.0114371208	333	0.0249115024	333	0	333	0	333	0
334	0	334	8	334	0	334	-96	334	-61956	334	28	334	3981	334	1683	334	-825	334	2	334	0	334	14	334	-0.011221176	334	0.00604217174	334	0.0172633473	334	0	334	0	334	0	334	0	334	0	334	0	334	0	334	0	334	-28	334	-0.0243114047	334	0.0114371208	334	0.0273699928	334	0	334	0	334	0
335	0	335	8	335	0	335	-80	335	-61964	335	24	335	7850	335	-918	335	-2833	335	-1	335	0	335	13	335	-0.0155370133	335	0.00604217174	335	0.0155370133	335	0	335	0	335	0	335	0	335	0	335	0	335	0	335	0	335	-24	335	-0.0243114047	335	0.0114371208	335	0.02923969	335	0	335	0	335	0
336	0	336	8	336	0	336	-60	336	-61960	336	24	336	8504	336	2780	336	-3742	336	2	336	0	336	16	336	-0.011221176	336	0.006905339	336	0.01985285	336	0	336	0	336	0	336	0	336	0	336	0	336	0	336	0	336	-24	336	-0.0243114047	336	0.0114371208	336	0.0301570129	336	0	336	0	336	0
337	0	337	8	337	0	337	-44	337	-61964	337	20	337	8725	337	-446	337	-3096	337	-2	337	0	337	13	337	-0.0172633473	337	0.00604217174	337	0.0155370133	337	0	337	0	337	0	337	0	337	0	337	0	337	0	337	0	337	-20	337	-0.0243114047	337	0.0114371208	337	0.0297293533	337	0	337	0	337	0
338	0	338	8	338	0	338	-40	338	-61956	338	20	338	7860	338	3653	338	-2688	338	2	338	0	338	14	338	-0.011221176	338	0.00604217174	338	0.0172633473	338	0	338	0	338	0	338	0	338	0	338	0	338	0	338	0	338	-20	338	-0.0243114047	338	0.0114371208	338	0.0293189418	338	0	338	0	338	0
339	0	339	8	339	0	339	-20	339	-61956	339	20	339	10292	339	228	339	-200	339	-1	339	0	339	13	339	-0.0146738458	339	0.006905339	339	0.0155370133	339	0	339	0	339	0	339	0	339	0	339	0	339	0	339	0	339	-20	339	-0.0243114047	339	0.0114371208	339	0.0272066277	339	0	339	0	339	0
340	0	340	8	340	0	340	-8	340	-61956	340	20	340	7475	340	2550	340	-2361	340	1	340	1	340	13	340	-0.0120843435	340	0.00776850665	340	0.0155370133	340	0	340	0	340	0	340	0	340	0	340	0	340	0	340	0	340	-20	340	-0.0243114047	340	0.0114371208	340	0.0291506741	340	0	340	0	340	0
341	0	341	8	341	0	341	-4	341	-61956	341	20	341	5961	341	1872	341	-730	341	1	341	1	341	15	341	-0.0129475109	341	0.00776850665	341	0.0189896822	341	0	341	0	341	0	341	0	341	0	341	0	341	0	341	0	341	-20	341	-0.0243114047	341	0.0114371208	341	0.0278405789	341	0	341	0	341	0
342	0	342	8	342	0	342	12	342	-61956	342	12	342	6108	342	376	342	-1714	342	1	342	0	342	13	342	-0.0129475109	342	0.006905339	342	0.0155370133	342	0	342	0	342	0	342	0	342	0	342	0	342	0	342	0	342	-12	342	-0.0244374443	342	0.0114371208	342	0.0289025512	342	0	342	0	342	0
343	0	343	8	343	0	343	24	343	-61956	343	12	343	7422	343	951	343	-3513	343	1	343	0	343	13	343	-0.0120843435	343	0.006905339	343	0.0155370133	343	0	343	0	343	0	343	0	343	0	343	0	343	0	343	0	343	-12	343	-0.0244374443	343	0.0114371208	343	0.0304473583	343	0	343	0	343	0
344	0	344	8	344	0	344	28	344	-61960	344	8	344	3821	344	-2221	344	-1324	344	-1	344	-1	344	14	344	-0.0146738458	344	0.00517900428	344	0.0172633473	344	0	344	0	344	0	344	0	344	0	344	0	344	0	344	0	344	-8	344	-0.0244374443	344	0.0114371208	344	0.0287592169	344	0	344	0	344	0
345	0	345	8	345	0	345	32	345	-61956	345	16	345	5040	345	-3041	345	-2070	345	1	345	0	345	13	345	-0.0120843435	345	0.00604217174	345	0.0155370133	345	0	345	0	345	0	345	0	345	0	345	0	345	0	345	0	345	-16	345	-0.0244374443	345	0.0114371208	345	0.0292139184	345	0	345	0	345	0
346	0	346	8	346	0	346	40	346	-61952	346	12	346	2011	346	2448	346	-1667	346	-1	346	-1	346	13	346	-0.0155370133	346	0.00517900428	346	0.0155370133	346	0	346	0	346	0	346	0	346	0	346	0	346	0	346	0	346	-12	346	-0.0244374443	346	0.0114371208	346	0.0288247038	346	0	346	0	346	0
347	0	347	8	347	0	347	40	347	-61960	347	16	347	1099	347	-1916	347	-1723	347	3	347	1	347	14	347	-0.009494841	347	0.00776850665	347	0.0172633473	347	0	347	0	347	0	347	0	347	0	347	0	347	0	347	0	347	-16	347	-0.0244374443	347	0.0114371208	347	0.0288693327	347	0	347	0	347	0
348	0	348	8	348	0	348	32	348	-61956	348	12	348	-1096	348	1861	348	-275	348	-1	348	-1	348	12	348	-0.0146738458	348	0.00517900428	348	0.0146738458	348	0	348	0	348	0	348	0	348	0	348	0	348	0	348	0	348	-12	348	-0.0244374443	348	0.0114371208	348	0.0275879037	348	0	348	0	348	0
349	0	349	8	349	0	349	28	349	-61952	349	16	349	-3426	349	3083	349	954	349	1	349	1	349	13	349	-0.0129475109	349	0.00776850665	349	0.01640018	349	0	349	0	349	0	349	0	349	0	349	0	349	0	349	0	349	-16	349	-0.0244374443	349	0.0114371208	349	0.0265309531	349	0	349	0	349	0
350	0	350	8	350	0	350	28	350	-61960	350	12	350	-656	350	-1684	350	-834	350	-1	350	1	350	13	350	-0.0146738458	350	0.00776850665	350	0.0155370133	350	0	350	0	350	0	350	0	350	0	350	0	350	0	350	0	350	-12	350	-0.0244374443	350	0.0114371208	350	0.0281667989	350	0	350	0	350	0
351	0	351	8	351	0	351	16	351	-61956	351	12	351	-7278	351	1047	351	-650	351	1	351	0	351	13	351	-0.0120843435	351	0.006905339	351	0.0155370133	351	0	351	0	351	0	351	0	351	0	351	0	351	0	351	0	351	-12	351	-0.0244374443	351	0.0114371208	351	0.02786222	351	0	351	0	351	0
352	0	352	8	352	0	352	8	352	-61956	352	12	352	-5922	352	410	352	-2678	352	1	352	1	352	14	352	-0.0120843435	352	0.00776850665	352	0.0181265157	352	0	352	0	352	0	352	0	352	0	352	0	352	0	352	0	352	-12	352	-0.0243114047	352	0.0114371208	352	0.0297444668	352	0	352	0	352	0
353	0	353	8	353	0	353	-4	353	-61952	353	8	353	-5457	353	2296	353	-3143	353	-1	353	1	353	12	353	-0.0155370133	353	0.00776850665	353	0.0146738458	353	0	353	0	353	0	353	0	353	0	353	0	353	0	353	0	353	-8	353	-0.0243114047	353	0.0114371208	353	0.0301610287	353	0	353	0	353	0
354	0	354	8	354	0	354	-8	354	-61956	354	8	354	-3492	354	244	354	-4043	354	3	354	2	354	12	354	-0.009494841	354	0.009494841	354	0.0146738458	354	0	354	0	354	0	354	0	354	0	354	0	354	0	354	0	354	-8	354	-0.0243114047	354	0.0114371208	354	0.0308773275	354	0	354	0	354	0
355	0	355	8	355	0	355	-28	355	-61960	355	12	355	-6653	355	882	355	-655	355	-1	355	0	355	13	355	-0.0155370133	355	0.006905339	355	0.0155370133	355	0	355	0	355	0	355	0	355	0	355	0	355	0	355	0	355	-12	355	-0.0243114047	355	0.0114371208	355	0.0278118122	355	0	355	0	355	0
356	0	356	8	356	0	356	-24	356	-61956	356	20	356	-4581	356	1538	356	2870	356	-1	356	1	356	14	356	-0.0146738458	356	0.008631674	356	0.0172633473	356	0	356	0	356	0	356	0	356	0	356	0	356	0	356	0	356	-20	356	-0.0243114047	356	0.0114371208	356	0.0245520342	356	0	356	0	356	0
357	0	357	8	357	0	357	-32	357	-61956	357	8	357	-3924	357	868	357	-3369	357	-1	357	0	357	13	357	-0.0146738458	357	0.006905339	357	0.0155370133	357	0	357	0	357	0	357	0	357	0	357	0	357	0	357	0	357	-8	357	-0.0243114047	357	0.0114371208	357	0.030264033	357	0	357	0	357	0
358	0	358	8	358	0	358	-32	358	-61960	358	12	358	-1564	358	1202	358	-99	358	1	358	1	358	13	358	-0.0120843435	358	0.00776850665	358	0.0155370133	358	0	358	0	358	0	358	0	358	0	358	0	358	0	358	0	358	-12	358	-0.0243114047	358	0.0114371208	358	0.0272925664	358	0	358	0	358	0
359	0	359	8	359	0	359	-44	359	-61960	359	16	359	-3355	359	-1907	359	781	359	0	359	0	359	14	359	-0.0138106784	359	0.006905339	359	0.0172633473	359	0	359	0	359	0	359	0	359	0	359	0	359	0	359	0	359	-16	359	-0.0243114047	359	0.0114371208	359	0.0264771786	359	0	359	0	359	0
360	0	360	8	360	0	360	-52	360	-61960	360	12	360	-5182	360	-646	360	-2372	360	1	360	1	360	12	360	-0.0120843435	360	0.00776850665	360	0.0138106784	360	0	360	0	360	0	360	0	360	0	360	0	360	0	360	0	360	-12	360	-0.0243114047	360	0.0114371208	360	0.0291827824	360	0	360	0	360	0
361	0	361	8	361	0	361	-60	361	-61956	361	20	361	-4659	361	50	361	1517	361	3	361	0	361	11	361	-0.009494841	361	0.006905339	361	0.0120843435	361	0	361	0	361	0	361	0	361	0	361	0	361	0	361	0	361	-20	361	-0.0243114047	361	0.0114371208	361	0.0254695732	361	0	361	0	361	0
362	0	362	8	362	0	362	-64	362	-61960	362	16	362	-3309	362	1367	362	-237	362	-1	362	0	362	13	362	-0.0155370133	362	0.006905339	362	0.0155370133	362	0	362	0	362	0	362	0	362	0	362	0	362	0	362	0	362	-16	362	-0.0243114047	362	0.0114371208	362	0.0271818172	362	0	362	0	362	0
363	0	363	8	363	0	363	-76	363	-61964	363	16	363	-3555	363	97	363	-2303	363	2	363	1	363	12	363	-0.011221176	363	0.008631674	363	0.0146738458	363	0	363	0	363	0	363	0	363	0	363	0	363	0	363	0	363	-16	363	-0.0243114047	363	0.0114371208	363	0.0288784411	363	0	363	0	363	0
364	0	364	8	364	0	364	-96	364	-61964	364	12	364	-8588	364	1939	364	-263	364	-2	364	1	364	12	364	-0.01640018	364	0.00776850665	364	0.0138106784	364	0	364	0	364	0	364	0	364	0	364	0	364	0	364	0	364	-12	364	-0.0243114047	364	0.0114371208	364	0.0270983782	364	0	364	0	364	0
365	0	365	8	365	0	365	-108	365	-61960	365	20	365	-7818	365	407	365	-1455	365	-1	365	2	365	13	365	-0.0146738458	365	0.009494841	365	0.0155370133	365	0	365	0	365	0	365	0	365	0	365	0	365	0	365	0	365	-20	365	-0.0243114047	365	0.0114371208	365	0.0278813858	365	0	365	0	365	0
366	0	366	8	366	0	366	-120	366	-61960	366	16	366	-4481	366	3716	366	-2631	366	-1	366	0	366	12	366	-0.0146738458	366	0.006905339	366	0.0146738458	366	0	366	0	366	0	366	0	366	0	366	0	366	0	366	0	366	-16	366	-0.0241769869	366	0.0114371208	366	0.0289600957	366	0	366	0	366	0
367	0	367	8	367	0	367	-132	367	-61972	367	16	367	-7145	367	-1671	367	-2382	367	0	367	1	367	12	367	-0.0138106784	367	0.00776850665	367	0.0138106784	367	0	367	0	367	0	367	0	367	0	367	0	367	0	367	0	367	-16	367	-0.0241769869	367	0.0114371208	367	0.0286790486	367	0	367	0	367	0
368	0	368	8	368	0	368	-144	368	-61964	368	24	368	-5568	368	1274	368	1104	368	2	368	0	368	11	368	-0.011221176	368	0.006905339	368	0.0129475109	368	0	368	0	368	0	368	0	368	0	368	0	368	0	368	0	368	-24	368	-0.0241769869	368	0.0114371208	368	0.0253369566	368	0	368	0	368	0
369	0	369	8	369	0	369	-148	369	-61964	369	28	369	-216	369	419	369	1608	369	1	369	1	369	13	369	-0.0129475109	369	0.00776850665	369	0.0155370133	369	0	369	0	369	0	369	0	369	0	369	0	369	0	369	0	369	-28	369	-0.0241769869	369	0.0114371208	369	0.02468939	369	0	369	0	369	0
370	0	370	8	370	0	370	-156	370	-61964	370	28	370	-3827	370	741	370	-1022	370	2	370	1	370	14	370	-0.011221176	370	0.00776850665	370	0.0172633473	370	0	370	0	370	0	370	0	370	0	370	0	370	0	370	0	370	-28	370	-0.0241769869	370	0.0114371208	370	0.0269019473	370	0	370	0	370	0
371	0	371	8	371	0	371	-156	371	-61964	371	28	371	608	371	-51	371	1158	371	-1	371	0	371	13	371	-0.0146738458	371	0.006905339	371	0.0155370133	371	0	371	0	371	0	371	0	371	0	371	0	371	0	371	0	371	-28	371	-0.0241769869	371	0.0114371208	371	0.02482505	371	0	371	0	371	0
EOF
