0	4	0	0	0	0	0	-40	0	0	0	4	0	2958	0	-382	0	462	0	-1	0	0	0	9	0	-0.0155370133	0	0.0103580086	0	0.0103580086	0	0	0	0	0	0	0	0	0	0	0	0	0	0	0	0	0	-4	0	-0.0243114047	0	0.0170063935	0	0.0177178457	0	0	0	0	0	0
1	4	1	0	1	0	1	-44	1	-4	1	0	1	-2031	1	-1044	1	-947	1	3	1	-1	1	12	1	-0.009494841	1	0.008631674	1	0.0138106784	1	0	1	0	1	0	1	0	1	0	1	0	1	0	1	0	1	0	1	-0.0243114047	1	0.0170063935	1	0.0191048142	1	0	1	0	1	0
2	4	2	0	2	0	2	-40	2	0	2	0	2	581	2	-1627	2	-1796	2	1	2	0	2	9	2	-0.0129475109	2	0.009494841	2	0.0103580086	2	0	2	0	2	0	2	0	2	0	2	0	2	0	2	0	2	0	2	-0.0243114047	2	0.0170063935	2	0.01986508	2	0	2	0	2	0
3	4	3	0	3	0	3	-44	3	0	3	4	3	-1717	3	-2695	3	1055	3	-1	3	0	3	9	3	-0.0146738458	3	0.0103580086	3	0.0103580086	3	0	3	0	3	0	3	0	3	0	3	0	3	0	3	0	3	-4	3	-0.0243114047	3	0.0170063935	3	0.01723741	3	0	3	0	3	0
4	4	4	0	4	0	4	-48	4	0	4	0	4	-5469	4	849	4	-1098	4	1	4	-1	4	10	4	-0.0120843435	4	0.00776850665	4	0.011221176	4	0	4	0	4	0	4	0	4	0	4	0	4	0	4	0	4	0	4	-0.0243114047	4	0.0170063935	4	0.0192997456	4	0	4	0	4	0
5	4	5	0	5	0	5	-48	5	4	5	0	5	466	5	2084	5	-338	5	1	5	0	5	8	5	-0.0129475109	5	0.009494841	5	0.00776850665	5	0	5	0	5	0	5	0	5	0	5	0	5	0	5	0	5	0	5	-0.0243114047	5	0.0170063935	5	0.0185191948	5	0	5	0	5	0
6	4	6	0	6	0	6	-44	6	4	6	0	6	-1119	6	392	6	592	6	0	6	0	6	9	6	-0.0138106784	6	0.0103580086	6	0.009494841	6	0	6	0	6	0	6	0	6	0	6	0	6	0	6	0	6	0	6	-0.0243114047	6	0.0170063935	6	0.017719049	6	0	6	0	6	0
7	4	7	0	7	0	7	-40	7	4	7	0	7	1244	7	292	7	-815	7	-1	7	-1	7	9	7	-0.0155370133	7	0.00776850665	7	0.009494841	7	0	7	0	7	0	7	0	7	0	7	0	7	0	7	0	7	0	7	-0.0243114047	7	0.0170063935	7	0.01888128	7	0	7	0	7	0
8	4	8	0	8	0	8	-40	8	4	8	4	8	-1011	8	1870	8	3167	8	1	8	-1	8	9	8	-0.0129475109	8	0.008631674	8	0.0103580086	8	0	8	0	8	0	8	0	8	0	8	0	8	0	8	0	8	-4	8	-0.0243114047	8	0.0170063935	8	0.0152314752	8	0	8	0	8	0
9	4	9	0	9	0	9	-36	9	4	9	0	9	795	9	2292	9	188	9	-2	9	0	9	12	9	-0.01640018	9	0.009494841	9	0.0146738458	9	0	9	0	9	0	9	0	9	0	9	0	9	0	9	0	9	0	9	-0.0243114047	9	0.0170063935	9	0.0181480274	9	0	9	0	9	0
10	4	10	0	10	0	10	-44	10	0	10	-4	10	-118	10	-2188	10	-547	10	-1	10	0	10	11	10	-0.0155370133	10	0.009494841	10	0.0120843435	10	0	10	0	10	0	10	0	10	0	10	0	10	0	10	0	10	4	10	-0.0243114047	10	0.0170063935	10	0.0188191738	10	0	10	0	10	0
11	4	11	0	11	0	11	-40	11	0	11	-4	11	293	11	-2188	11	-2700	11	0	11	0	11	10	11	-0.0138106784	11	0.009494841	11	0.011221176	11	0	11	0	11	0	11	0	11	0	11	0	11	0	11	0	11	4	11	-0.0243114047	11	0.0170063935	11	0.0207033642	11	0	11	0	11	0
12	4	12	0	12	0	12	-44	12	0	12	0	12	-2586	12	-934	12	-225	12	-1	12	-1	12	9	12	-0.0155370133	12	0.008631674	12	0.009494841	12	0	12	0	12	0	12	0	12	0	12	0	12	0	12	0	12	0	12	-0.0243114047	12	0.0170063935	12	0.0183911566	12	0	12	0	12	0
13	4	13	0	13	0	13	-44	13	0	13	4	13	236	13	-431	13	2190	13	-1	13	0	13	11	13	-0.0146738458	13	0.0103580086	13	0.0120843435	13	0	13	0	13	0	13	0	13	0	13	0	13	0	13	0	13	-4	13	-0.0243114047	13	0.0170063935	13	0.0162980426	13	0	13	0	13	0
14	4	14	0	14	0	14	-48	14	4	14	0	14	-4579	14	-2238	14	2837	14	3	14	0	14	9	14	-0.009494841	14	0.009494841	14	0.0103580086	14	0	14	0	14	0	14	0	14	0	14	0	14	0	14	0	14	0	14	-0.0243114047	14	0.0170063935	14	0.0157308429	14	0	14	0	14	0
15	4	15	0	15	0	15	-48	15	4	15	-4	15	-2081	15	-130	15	-2290	15	-1	15	0	15	10	15	-0.0146738458	15	0.009494841	15	0.011221176	15	0	15	0	15	0	15	0	15	0	15	0	15	0	15	0	15	4	15	-0.0243114047	15	0.0170063935	15	0.0203707516	15	0	15	0	15	0
16	4	16	0	16	0	16	-48	16	4	16	4	16	-1859	16	1849	16	1964	16	1	16	1	16	8	16	-0.0129475109	16	0.011221176	16	0.008631674	16	0	16	0	16	0	16	0	16	0	16	0	16	0	16	0	16	-4	16	-0.0243114047	16	0.0170063935	16	0.0165027883	16	0	16	0	16	0
17	4	17	0	17	0	17	-44	17	4	17	-4	17	-864	17	-952	17	375	17	1	17	0	17	9	17	-0.0120843435	17	0.009494841	17	0.009494841	17	0	17	0	17	0	17	0	17	0	17	0	17	0	17	0	17	4	17	-0.0243114047	17	0.0170063935	17	0.0179787576	17	0	17	0	17	0
18	4	18	0	18	0	18	-44	18	0	18	0	18	-654	18	-111	18	1326	18	1	18	0	18	9	18	-0.0129475109	18	0.009494841	18	0.009494841	18	0	18	0	18	0	18	0	18	0	18	0	18	0	18	0	18	0	18	-0.0243114047	18	0.0170063935	18	0.0170887727	18	0	18	0	18	0
19	4	19	0	19	0	19	-36	19	0	19	0	19	2070	19	-1343	19	-1872	19	-1	19	-1	19	11	19	-0.0155370133	19	0.00776850665	19	0.0120843435	19	0	19	0	19	0	19	0	19	0	19	0	19	0	19	0	19	0	19	-0.0243114047	19	0.0170063935	19	0.019938644	19	0	19	0	19	0
20	4	20	0	20	0	20	-44	20	0	20	0	20	-1369	20	495	20	96	20	0	20	0	20	9	20	-0.0138106784	20	0.009494841	20	0.009494841	20	0	20	0	20	0	20	0	20	0	20	0	20	0	20	0	20	0	20	-0.0243114047	20	0.0170063935	20	0.01809255	20	0	20	0	20	0
21	4	21	0	21	0	21	-44	21	4	21	-4	21	757	21	237	21	-850	21	1	21	0	21	10	21	-0.0120843435	21	0.0103580086	21	0.011221176	21	0	21	0	21	0	21	0	21	0	21	0	21	0	21	0	21	4	21	-0.0243114047	21	0.0170063935	21	0.0190445855	21	0	21	0	21	0
22	4	22	0	22	0	22	-44	22	12	22	4	22	-1851	22	2727	22	2228	22	-1	22	-1	22	9	22	-0.0146738458	22	0.00776850665	22	0.009494841	22	0	22	0	22	0	22	0	22	0	22	0	22	0	22	0	22	-4	22	-0.0243114047	22	0.0170063935	22	0.0161512941	22	0	22	0	22	0
23	4	23	0	23	0	23	-40	23	-8	23	4	23	1953	23	-4874	23	1332	23	1	23	0	23	10	23	-0.0129475109	23	0.009494841	23	0.011221176	23	0	23	0	23	0	23	0	23	0	23	0	23	0	23	0	23	-4	23	-0.0243114047	23	0.0170063935	23	0.01699875	23	0	23	0	23	0
24	4	24	0	24	0	24	-44	24	4	24	0	24	1198	24	-100	24	215	24	1	24	0	24	9	24	-0.0120843435	24	0.0103580086	24	0.0103580086	24	0	24	0	24	0	24	0	24	0	24	0	24	0	24	0	24	0	24	-0.0243114047	24	0.0170063935	24	0.0180564113	24	0	24	0	24	0
25	4	25	0	25	0	25	-44	25	4	25	-4	25	-1768	25	2379	25	-1146	25	-1	25	0	25	10	25	-0.0155370133	25	0.009494841	25	0.011221176	25	0	25	0	25	0	25	0	25	0	25	0	25	0	25	0	25	4	25	-0.0243114047	25	0.0170063935	25	0.0192658361	25	0	25	0	25	0
26	4	26	0	26	0	26	-40	26	8	26	0	26	1328	26	863	26	-1602	26	2	26	0	26	7	26	-0.011221176	26	0.0103580086	26	0.006905339	26	0	26	0	26	0	26	0	26	0	26	0	26	0	26	0	26	0	26	-0.0243114047	26	0.0170063935	26	0.01964453	26	0	26	0	26	0
27	4	27	0	27	0	27	-40	27	0	27	-4	27	4006	27	-1038	27	-728	27	0	27	-1	27	9	27	-0.0138106784	27	0.008631674	27	0.0103580086	27	0	27	0	27	0	27	0	27	0	27	0	27	0	27	0	27	4	27	-0.0243114047	27	0.0170063935	27	0.0188989248	27	0	27	0	27	0
28	4	28	0	28	0	28	-44	28	0	28	0	28	-1171	28	-442	28	3313	28	1	28	-1	28	11	28	-0.0129475109	28	0.008631674	28	0.0129475109	28	0	28	0	28	0	28	0	28	0	28	0	28	0	28	0	28	0	28	-0.0243114047	28	0.0170063935	28	0.0153420344	28	0	28	0	28	0
29	4	29	0	29	0	29	-40	29	0	29	-8	29	883	29	-2468	29	-4049	29	1	29	0	29	9	29	-0.0129475109	29	0.009494841	29	0.009494841	29	0	29	0	29	0	29	0	29	0	29	0	29	0	29	0	29	8	29	-0.0243114047	29	0.0170063935	29	0.02198452	29	0	29	0	29	0
30	4	30	0	30	0	30	-44	30	-8	30	0	30	-2706	30	-4216	30	269	30	2	30	0	30	8	30	-0.011221176	30	0.009494841	30	0.008631674	30	0	30	0	30	0	30	0	30	0	30	0	30	0	30	0	30	0	30	-0.0243114047	30	0.0170063935	30	0.01811024	30	0	30	0	30	0
31	4	31	0	31	0	31	-40	31	4	31	0	31	3	31	1215	31	-1688	31	-1	31	0	31	9	31	-0.0146738458	31	0.0103580086	31	0.0103580086	31	0	31	0	31	0	31	0	31	0	31	0	31	0	31	0	31	0	31	-0.0243114047	31	0.0170063935	31	0.0197853446	31	0	31	0	31	0
32	4	32	0	32	0	32	-36	32	4	32	4	32	3047	32	-317	32	847	32	1	32	0	32	9	32	-0.0120843435	32	0.009494841	32	0.0103580086	32	0	32	0	32	0	32	0	32	0	32	0	32	0	32	0	32	-4	32	-0.0243114047	32	0.0170063935	32	0.0173682962	32	0	32	0	32	0
33	4	33	0	33	0	33	-44	33	0	33	0	33	64	33	-46	33	396	33	3	33	-1	33	11	33	-0.009494841	33	0.008631674	33	0.0129475109	33	0	33	0	33	0	33	0	33	0	33	0	33	0	33	0	33	0	33	-0.0243114047	33	0.0170063935	33	0.0179357063	33	0	33	0	33	0
34	4	34	0	34	0	34	-36	34	0	34	4	34	1499	34	-2206	34	5292	34	0	34	0	34	8	34	-0.0138106784	34	0.0103580086	34	0.008631674	34	0	34	0	34	0	34	0	34	0	34	0	34	0	34	0	34	-4	34	-0.0243114047	34	0.0170063935	34	0.0134443492	34	0	34	0	34	0
35	4	35	0	35	0	35	-44	35	4	35	4	35	-2590	35	1993	35	1451	35	-1	35	-1	35	10	35	-0.0146738458	35	0.00776850665	35	0.011221176	35	0	35	0	35	0	35	0	35	0	35	0	35	0	35	0	35	-4	35	-0.0243114047	35	0.0170063935	35	0.0169307552	35	0	35	0	35	0
36	4	36	0	36	0	36	-48	36	0	36	0	36	-3569	36	1382	36	-474	36	0	36	0	36	8	36	-0.0138106784	36	0.009494841	36	0.008631674	36	0	36	0	36	0	36	0	36	0	36	0	36	0	36	0	36	0	36	-0.0243114047	36	0.0170063935	36	0.0187370367	36	0	36	0	36	0
37	4	37	0	37	0	37	-44	37	4	37	0	37	660	37	413	37	-932	37	1	37	0	37	9	37	-0.0129475109	37	0.009494841	37	0.009494841	37	0	37	0	37	0	37	0	37	0	37	0	37	0	37	0	37	0	37	-0.0243114047	37	0.0170063935	37	0.0190410241	37	0	37	0	37	0
38	4	38	0	38	0	38	-40	38	8	38	0	38	-227	38	2559	38	-1380	38	0	38	-1	38	10	38	-0.0138106784	38	0.008631674	38	0.011221176	38	0	38	0	38	0	38	0	38	0	38	0	38	0	38	0	38	0	38	-0.0243114047	38	0.0170063935	38	0.0194986723	38	0	38	0	38	0
39	4	39	0	39	0	39	-36	39	0	39	0	39	3349	39	-813	39	1965	39	1	39	-1	39	9	39	-0.0129475109	39	0.00776850665	39	0.0103580086	39	0	39	0	39	0	39	0	39	0	39	0	39	0	39	0	39	0	39	-0.0243114047	39	0.0170063935	39	0.0164725818	39	0	39	0	39	0
40	4	40	0	40	0	40	-44	40	4	40	-4	40	-2233	40	-155	40	990	40	1	40	0	40	9	40	-0.0120843435	40	0.009494841	40	0.009494841	40	0	40	0	40	0	40	0	40	0	40	0	40	0	40	0	40	4	40	-0.0243114047	40	0.0170063935	40	0.0173730571	40	0	40	0	40	0
41	4	41	0	41	0	41	-40	41	4	41	4	41	298	41	-230	41	3971	41	-1	41	1	41	9	41	-0.0155370133	41	0.011221176	41	0.009494841	41	0	41	0	41	0	41	0	41	0	41	0	41	0	41	0	41	-4	41	-0.0243114047	41	0.0170063935	41	0.0145879742	41	0	41	0	41	0
42	4	42	0	42	0	42	-40	42	-4	42	4	42	866	42	-2790	42	1232	42	0	42	-1	42	11	42	-0.0138106784	42	0.008631674	42	0.0129475109	42	0	42	0	42	0	42	0	42	0	42	0	42	0	42	0	42	-4	42	-0.0243114047	42	0.0170063935	42	0.0171368271	42	0	42	0	42	0
43	4	43	0	43	0	43	-44	43	0	43	0	43	-1145	43	-2102	43	437	43	3	43	0	43	10	43	-0.009494841	43	0.0103580086	43	0.011221176	43	0	43	0	43	0	43	0	43	0	43	0	43	0	43	0	43	0	43	-0.0243114047	43	0.0170063935	43	0.01793171	43	0	43	0	43	0
44	4	44	0	44	0	44	-44	44	4	44	4	44	-463	44	-189	44	2099	44	1	44	0	44	8	44	-0.0120843435	44	0.0103580086	44	0.00776850665	44	0	44	0	44	0	44	0	44	0	44	0	44	0	44	0	44	-4	44	-0.0243114047	44	0.0170063935	44	0.0162097067	44	0	44	0	44	0
45	4	45	0	45	0	45	-40	45	8	45	0	45	2692	45	3240	45	605	45	-1	45	0	45	11	45	-0.0146738458	45	0.009494841	45	0.0120843435	45	0	45	0	45	0	45	0	45	0	45	0	45	0	45	0	45	0	45	-0.0243114047	45	0.0170063935	45	0.017779585	45	0	45	0	45	0
46	4	46	0	46	0	46	-48	46	0	46	0	46	-1156	46	-454	46	2782	46	3	46	0	46	9	46	-0.009494841	46	0.009494841	46	0.0103580086	46	0	46	0	46	0	46	0	46	0	46	0	46	0	46	0	46	0	46	-0.0243114047	46	0.0170063935	46	0.0158555079	46	0	46	0	46	0
47	4	47	0	47	0	47	-44	47	-4	47	-8	47	-1230	47	-2875	47	-205	47	-1	47	0	47	9	47	-0.0146738458	47	0.009494841	47	0.009494841	47	0	47	0	47	0	47	0	47	0	47	0	47	0	47	0	47	8	47	-0.0243114047	47	0.0170063935	47	0.0185339339	47	0	47	0	47	0
48	4	48	0	48	0	48	-32	48	0	48	0	48	6950	48	384	48	542	48	-1	48	-1	48	9	48	-0.0146738458	48	0.008631674	48	0.0103580086	48	0	48	0	48	0	48	0	48	0	48	0	48	0	48	0	48	0	48	-0.0243114047	48	0.0170063935	48	0.0177058931	48	0	48	0	48	0
49	4	49	0	49	0	49	-40	49	0	49	4	49	780	49	-3247	49	-28	49	1	49	-1	49	9	49	-0.0120843435	49	0.008631674	49	0.0103580086	49	0	49	0	49	0	49	0	49	0	49	0	49	0	49	0	49	-4	49	-0.0243114047	49	0.0170063935	49	0.0181945972	49	0	49	0	49	0
50	4	50	0	50	0	50	-52	50	8	50	0	50	-3456	50	2929	50	-166	50	0	50	0	50	11	50	-0.0138106784	50	0.0103580086	50	0.0120843435	50	0	50	0	50	0	50	0	50	0	50	0	50	0	50	0	50	0	50	-0.0243114047	50	0.0170063935	50	0.0183776487	50	0	50	0	50	0
51	4	51	0	51	0	51	-44	51	8	51	4	51	-1554	51	1901	51	214	51	-2	51	0	51	10	51	-0.01640018	51	0.009494841	51	0.011221176	51	0	51	0	51	0	51	0	51	0	51	0	51	0	51	0	51	-4	51	-0.0243114047	51	0.0170063935	51	0.0179969482	51	0	51	0	51	0
52	4	52	0	52	0	52	-40	52	4	52	0	52	634	52	1739	52	-1790	52	0	52	0	52	10	52	-0.0138106784	52	0.009494841	52	0.011221176	52	0	52	0	52	0	52	0	52	0	52	0	52	0	52	0	52	0	52	-0.0243114047	52	0.0170063935	52	0.0199736878	52	0	52	3797	52	0
53	4	53	0	53	0	53	-40	53	4	53	4	53	1059	53	-505	53	1162	53	0	53	-1	53	9	53	-0.0138106784	53	0.008631674	53	0.0103580086	53	0	53	0	53	0	53	0	53	0	53	0	53	0	53	0	53	-4	53	-0.0243114047	53	0.0170063935	53	0.0171231348	53	0	53	3797	53	0
54	4	54	0	54	0	54	-40	54	4	54	-4	54	-868	54	591	54	-597	54	-1	54	1	54	9	54	-0.0146738458	54	0.011221176	54	0.009494841	54	0	54	0	54	0	54	0	54	0	54	0	54	0	54	0	54	4	54	-0.0243114047	54	5.431463	54	0.01885373	54	0	54	3797	54	0
55	4	55	0	55	0	55	-40	55	748	55	0	55	1799	55	968530	55	560	55	2	55	2260	55	9	55	-0.011221176	55	4.209667	55	0.0103580086	55	0	55	0	55	0	55	0	55	0	55	0	55	0	55	0	55	0	55	-0.0243114047	55	5.43191338	55	0.0177189466	55	0	55	3797	55	0
56	4	56	0	56	0	56	-44	56	2776	56	-4	56	750	56	1742334	56	-3245	56	2	56	1985	56	11	56	-0.011221176	56	3.58905	56	0.0120843435	56	0	56	0	56	0	56	0	56	0	56	0	56	0	56	0	56	4	56	-0.0243114047	56	5.432104	56	0.0212856438	56	0	56	3797	56	0
57	4	57	0	57	0	57	-40	57	6536	57	4	57	824	57	2751275	57	2337	57	-2	57	2000	57	9	57	-0.01640018	57	3.62185049	57	0.0103580086	57	0	57	0	57	0	57	0	57	0	57	0	57	0	57	0	57	-4	57	-0.0243114047	57	5.430523	57	0.01614256	57	0	57	3797	57	0
58	4	58	0	58	0	58	-36	58	11668	58	0	58	965	58	3593954	58	-2118	58	-1	58	1997	58	11	58	-0.0155370133	58	3.60545015	58	0.0120843435	58	0	58	0	58	0	58	0	58	0	58	0	58	0	58	0	58	0	58	-0.0243114047	58	5.41861725	58	0.0202453118	58	0	58	3797	58	0
59	4	59	0	59	0	59	-40	59	18128	59	0	59	-88	59	4339754	59	1966	59	2	59	1994	59	9	59	-0.0103580086	59	3.577829	59	0.0103580086	59	0	59	0	59	0	59	0	59	0	59	0	59	0	59	0	59	0	59	-0.0243114047	59	5.39134073	59	0.0165243633	59	0	59	3797	59	0
60	4	60	0	60	0	60	-36	60	25992	60	0	60	1083	60	5095812	60	728	60	-2	60	1996	60	11	60	-0.01640018	60	3.5761025	60	0.0129475109	60	0	60	0	60	0	60	0	60	0	60	0	60	0	60	0	60	0	60	-0.0243114047	60	5.386823	60	0.0176809411	60	0	60	3797	60	0
61	4	61	0	61	0	61	-36	61	35364	61	0	61	2608	61	5956429	61	2032	61	-1	61	1996	61	11	61	-0.0155370133	61	3.588187	61	0.0120843435	61	0	61	0	61	0	61	0	61	0	61	0	61	0	61	0	61	0	61	-0.0243114047	61	5.40338659	61	0.0164844077	61	0	61	3797	61	0
62	4	62	0	62	0	62	-32	62	46200	62	4	62	1589	62	6821930	62	2087	62	1	62	1999	62	10	62	-0.0120843435	62	3.6114924	62	0.011221176	62	0	62	0	62	0	62	0	62	0	62	0	62	0	62	0	62	-4	62	-0.0243114047	62	5.42212152	62	0.0163593981	62	0	62	3797	62	0
63	4	63	0	63	0	63	-32	63	58392	63	0	63	-1060	63	7599634	63	-192	63	-1	63	1999	63	9	63	-0.0155370133	63	3.59681845	63	0.0103580086	63	0	63	0	63	0	63	0	63	0	63	0	63	0	63	0	63	0	63	-0.0243114047	63	5.398477	63	0.01840574	63	0	63	3797	63	0
64	4	64	0	64	0	64	-28	64	71872	64	-8	64	3377	64	8323211	64	-1895	64	0	64	1994	64	11	64	-0.0138106784	64	3.57523942	64	0.0120843435	64	0	64	0	64	0	64	0	64	0	64	0	64	0	64	0	64	8	64	-0.0243114047	64	5.390858	64	0.02015326	64	0	64	3797	64	0
65	4	65	0	65	0	65	-24	65	86720	65	4	65	1436	65	9096756	65	2529	65	-1	65	1996	65	9	65	-0.0146738458	65	3.6114924	65	0.0103580086	65	0	65	0	65	0	65	0	65	0	65	0	65	0	65	0	65	-4	65	-0.0243114047	65	5.431711	65	0.01601131	65	0	65	3797	65	0
66	4	66	0	66	0	66	-32	66	102860	66	-4	66	-2311	66	9845080	66	301	66	0	66	2000	66	9	66	-0.0138106784	66	3.608903	66	0.009494841	66	0	66	0	66	0	66	0	66	0	66	0	66	0	66	0	66	4	66	-0.0243114047	66	5.41115427	66	0.018139137	66	0	66	3797	66	0
67	4	67	0	67	0	67	-40	67	120268	67	-8	67	-3410	67	10569038	67	-2360	67	-1	67	1992	67	9	67	-0.0155370133	67	3.58559728	67	0.0103580086	67	0	67	0	67	0	67	0	67	0	67	0	67	0	67	0	67	8	67	-0.0243114047	67	5.41030931	67	0.0205810461	67	0	67	3797	67	0
68	4	68	0	68	0	68	-48	68	138944	68	0	68	-4222	68	11291292	68	2401	68	1	68	2007	68	10	68	-0.0120843435	68	3.63825059	68	0.011221176	68	0	68	0	68	0	68	0	68	0	68	0	68	0	68	0	68	0	68	-0.0243114047	68	5.43302059	68	0.0162051562	68	0	68	3797	68	0
69	4	69	0	69	0	69	-72	69	158808	69	8	69	-12013	69	11956536	69	4677	69	1	69	1988	69	11	69	-0.0129475109	69	3.568334	69	0.0129475109	69	0	69	0	69	0	69	0	69	0	69	0	69	0	69	0	69	-8	69	-0.0243114047	69	5.398096	69	0.0139517616	69	0	69	3797	69	0
70	4	70	0	70	0	70	-88	70	179936	70	8	70	-13309	70	12699114	70	3632	70	-1	70	2004	70	10	70	-0.0155370133	70	3.63566113	70	0.011221176	70	0	70	0	70	0	70	0	70	0	70	0	70	0	70	0	70	-8	70	-0.0243114047	70	5.437484	70	0.0147194564	70	0	70	0	70	0
71	4	71	0	71	0	71	-108	71	202316	71	12	71	-13647	71	13410870	71	882	71	-1	71	1988	71	8	71	-0.0146738458	71	3.57092357	71	0.00776850665	71	0	71	0	71	0	71	0	71	0	71	0	71	0	71	0	71	-12	71	-0.0241769869	71	5.401948	71	0.0167223271	71	0	71	0	71	0
72	4	72	0	72	0	72	-144	72	225940	72	12	72	-16725	72	14120568	72	116	72	2	72	2012	72	8	72	-0.011221176	72	3.65724015	72	0.008631674	72	0	72	0	72	0	72	0	72	0	72	0	72	0	72	0	72	-12	72	-0.0241769869	72	0.02874073	72	0.0174555611	72	0	72	0	72	0
73	4	73	0	73	0	73	-172	73	249724	73	12	73	-16631	73	13500648	73	-510	73	-1	73	-290	73	9	73	-0.0155370133	73	-0.460068226	73	0.009494841	73	0	73	0	73	0	73	0	73	0	73	0	73	0	73	0	73	-12	73	-0.0241769869	73	-0.00576975476	73	0.01801933	73	0	73	0	73	0
74	4	74	0	74	0	74	-200	74	273516	74	4	74	-12393	74	13619826	74	-536	74	-1	74	13	74	11	74	-0.0155370133	74	0.0258950219	74	0.0129475109	74	0	74	0	74	0	74	0	74	0	74	0	74	0	74	0	74	-4	74	-0.0241769869	74	0.005815299	74	0.0182043444	74	0	74	0	74	0
75	4	75	0	75	0	75	-240	75	296072	75	12	75	-19686	75	12877766	75	1883	75	2	75	-5	75	8	75	-0.0103580086	75	-0.0172633473	75	0.008631674	75	0	75	0	75	0	75	0	75	0	75	0	75	0	75	0	75	-12	75	-0.0240340475	75	-0.014242948	75	0.0156578775	75	0	75	0	75	0
76	4	76	0	76	0	76	-256	76	318300	76	16	76	-12708	76	12657596	76	-189	76	-1	76	6	76	8	76	-0.0146738458	76	0.0103580086	76	0.00776850665	76	0	76	0	76	0	76	0	76	0	76	0	76	0	76	0	76	-16	76	-0.0240340475	76	-0.00436766865	76	0.0170866214	76	0	76	0	76	0
77	4	77	0	77	0	77	-284	77	339820	77	20	77	-15787	77	12296604	77	-1555	77	1	77	-3	77	8	77	-0.0120843435	77	-0.0120843435	77	0.00776850665	77	0	77	0	77	0	77	0	77	0	77	0	77	0	77	0	77	-20	77	-0.0240340475	77	-0.008546655	77	0.018157417	77	0	77	0	77	0
78	4	78	0	78	0	78	-312	78	360644	78	24	78	-16033	78	11869334	78	1418	78	1	78	3	78	9	78	-0.0120843435	78	0.01640018	78	0.0103580086	78	0	78	0	78	0	78	0	78	0	78	0	78	0	78	0	78	-24	78	-0.0240340475	78	0.0157954264	78	0.01521441	78	0	78	0	78	0
79	4	79	0	79	0	79	-324	79	380928	79	32	79	-9328	79	11565436	79	2327	79	0	79	-1	79	8	79	-0.0138106784	79	-0.006905339	79	0.008631674	79	0	79	0	79	0	79	0	79	0	79	0	79	0	79	0	79	-32	79	-0.0240340475	79	-0.0068996367	79	0.0138748214	79	0	79	0	79	0
80	4	80	0	80	0	80	-320	80	400640	80	36	80	-597	80	11240956	80	-1496	80	-1	80	1	80	8	80	-0.0155370133	80	0.0129475109	80	0.00776850665	80	0	80	0	80	0	80	0	80	0	80	0	80	0	80	0	80	-36	80	-0.0240340475	80	0.018875042	80	0.0167481583	80	0	80	0	80	0
81	4	81	0	81	0	81	-324	81	419968	81	32	81	5950	81	11033876	81	-2983	81	3	81	1	81	9	81	-0.009494841	81	-0.009494841	81	0.0103580086	81	0	81	0	81	0	81	0	81	0	81	0	81	0	81	0	81	-32	81	-0.0240340475	81	-0.0173950326	81	0.0182252824	81	0	81	0	81	0
82	4	82	0	82	0	82	-300	82	438744	82	36	82	12721	82	10714270	82	-20	82	0	82	1	82	8	82	-0.0129475109	82	0.0129475109	82	0.008631674	82	0	82	0	82	0	82	0	82	0	82	0	82	0	82	0	82	-36	82	-0.0240340475	82	0.02154361	82	0.0153618474	82	0	82	0	82	0
83	4	83	0	83	0	83	-276	83	457096	83	36	83	15017	83	10473886	83	415	83	-1	83	2	83	9	83	-0.0146738458	83	-0.004315837	83	0.009494841	83	0	83	0	83	0	83	0	83	0	83	0	83	0	83	0	83	-36	83	-0.0240340475	83	-0.014485592	83	0.0150414817	83	0	83	0	83	0
84	4	84	0	84	0	84	-248	84	475000	84	40	84	16481	84	10214602	84	759	84	0	84	-2	84	7	84	-0.0129475109	84	0.00258950214	84	0.006905339	84	0	84	0	84	0	84	0	84	0	84	0	84	0	84	0	84	-40	84	-0.0240340475	84	0.01320147	84	0.0145538021	84	0	84	0	84	0
85	4	85	0	85	0	85	-208	85	492488	85	32	85	19605	85	9967594	85	-842	85	2	85	5	85	8	85	-0.011221176	85	0.01985285	85	0.00776850665	85	0	85	0	85	0	85	0	85	0	85	0	85	0	85	0	85	-32	85	-0.0241769869	85	0.01807603	85	0.0159528758	85	0	85	0	85	0
86	4	86	0	86	0	86	-176	86	509468	86	40	86	19800	86	9679622	86	-883	86	-1	86	0	86	7	86	-0.0155370133	86	-0.006905339	86	0.006905339	86	0	86	0	86	0	86	0	86	0	86	0	86	0	86	0	86	-40	86	-0.0241769869	86	-0.0102996835	86	0.015718542	86	0	86	0	86	0
87	4	87	0	87	0	87	-148	87	526048	87	48	87	17124	87	9459770	87	1376	87	1	87	0	87	6	87	-0.0120843435	87	0.009494841	87	0.00517900428	87	0	87	0	87	0	87	0	87	0	87	0	87	0	87	0	87	-48	87	-0.0241769869	87	0.0177481938	87	0.0130201355	87	0	87	0	87	0
88	4	88	0	88	0	88	-108	88	542240	88	52	88	22082	88	9237494	88	443	88	2	88	2	88	8	88	-0.011221176	88	-0.00776850665	88	0.008631674	88	0	88	0	88	0	88	0	88	0	88	0	88	0	88	0	88	-52	88	-0.0241769869	88	-0.02283303	88	0.0137203336	88	0	88	0	88	0
89	4	89	0	89	0	89	-76	89	558012	89	40	89	20287	89	8999052	89	-5948	89	-2	89	-1	89	9	89	-0.01640018	89	-0.011221176	89	0.0103580086	89	0	89	0	89	0	89	0	89	0	89	0	89	0	89	0	89	-40	89	-0.0243114047	89	-0.0148161948	89	0.0197250843	89	0	89	0	89	0
90	4	90	0	90	0	90	-36	90	573336	90	28	90	21540	90	8735970	90	-7299	90	-1	90	1	90	11	90	-0.0155370133	90	0.00604217174	90	0.0129475109	90	0	90	0	90	0	90	0	90	0	90	0	90	0	90	0	90	-28	90	-0.0243114047	90	0.00873902347	90	0.021883782	90	0	90	0	90	0
91	4	91	0	91	0	91	16	91	588292	91	4	91	26906	91	8524054	91	-9114	91	3	91	0	91	11	91	-0.009494841	91	-0.01640018	91	0.0129475109	91	0	91	0	91	0	91	0	91	0	91	0	91	0	91	0	91	-4	91	-0.0243114047	91	-0.0280143321	91	0.0247723181	91	0	91	0	91	0
92	4	92	0	92	0	92	60	92	602772	92	-8	92	28087	92	8255440	92	-9869	92	-1	92	-2	92	12	92	-0.0155370133	92	-0.00776850665	92	0.0138106784	92	0	92	0	92	0	92	0	92	0	92	0	92	0	92	0	92	8	92	-0.0244374443	92	-0.00602531061	92	0.0269328672	92	0	92	0	92	0
93	4	93	0	93	0	93	96	93	616808	93	-36	93	20931	93	7999519	93	-9535	93	1	93	1	93	13	93	-0.0129475109	93	0.0138106784	93	0.0155370133	93	0	93	0	93	0	93	0	93	0	93	0	93	0	93	0	93	36	93	-0.0244374443	93	0.02229562	93	0.0282770153	93	0	93	0	93	0
94	4	94	0	94	0	94	140	94	630456	94	-56	94	22816	94	7785818	94	-7945	94	0	94	2	94	11	94	-0.0138106784	94	-0.0034526696	94	0.0129475109	94	0	94	0	94	0	94	0	94	0	94	0	94	0	94	0	94	56	94	-0.0244374443	94	-0.012748139	94	0.0281917062	94	0	94	0	94	0
95	4	95	0	95	0	95	184	95	643712	95	-64	95	24903	95	7560192	95	-3519	95	0	95	-2	95	12	95	-0.0146738458	95	-0.00776850665	95	0.0146738458	95	0	95	0	95	0	95	0	95	0	95	0	95	0	95	0	95	64	95	-0.0245552585	95	-0.005608657	95	0.02525401	95	0	95	0	95	0
96	4	96	0	96	0	96	220	96	656632	96	-72	96	19105	96	7358359	96	-1374	96	0	96	0	96	12	96	-0.0138106784	96	0.0103580086	96	0.0138106784	96	0	96	0	96	0	96	0	96	0	96	0	96	0	96	0	96	72	96	-0.0245552585	96	0.0194679573	96	0.0239135325	96	0	96	0	96	0
97	4	97	0	97	0	97	236	97	669200	97	-72	97	12021	97	7170946	97	-481	97	2	97	3	97	10	97	-0.011221176	97	0.00604217174	97	0.011221176	97	0	97	0	97	0	97	0	97	0	97	0	97	0	97	0	97	72	97	-0.0245552585	97	-0.00102291256	97	0.0234704278	97	0	97	0	97	0
98	4	98	0	98	0	98	260	98	681440	98	-64	98	8493	98	6976811	98	6651	98	1	98	0	98	9	98	-0.0120843435	98	-0.0103580086	98	0.009494841	98	0	98	0	98	0	98	0	98	0	98	0	98	0	98	0	98	64	98	-0.0245552585	98	-0.0179978758	98	0.0168711636	98	0	98	0	98	0
99	4	99	0	99	0	99	256	99	693364	99	-56	99	1290	99	6794797	99	4968	99	-1	99	-2	99	11	99	-0.0155370133	99	0.0008631674	99	0.0129475109	99	0	99	0	99	0	99	0	99	0	99	0	99	0	99	0	99	56	99	-0.0245552585	99	0.008348602	99	0.0179737117	99	0	99	0	99	0
100	4	100	0	100	0	100	252	100	704960	100	-68	100	-524	100	6614948	100	-611	100	1	100	2	100	12	100	-0.0129475109	100	0.01640018	100	0.0138106784	100	0	100	0	100	0	100	0	100	0	100	0	100	0	100	0	100	68	100	-0.0245552585	100	0.0233765	100	0.0232935958	100	0	100	0	100	0
101	4	101	0	101	0	101	244	101	716300	101	-68	101	-5165	101	6463375	101	-2050	101	1	101	3	101	12	101	-0.0129475109	101	-0.0008631674	101	0.0138106784	101	0	101	0	101	0	101	0	101	0	101	0	101	0	101	0	101	68	101	-0.0245552585	101	-0.0112461764	101	0.0247394461	101	0	101	0	101	0
102	4	102	0	102	0	102	232	102	727324	102	-68	102	-10162	102	6296594	102	816	102	0	102	0	102	12	102	-0.0146738458	102	-0.00776850665	102	0.0138106784	102	0	102	0	102	0	102	0	102	0	102	0	102	0	102	0	102	68	102	-0.0245552585	102	-0.011433973	102	0.0223677121	102	0	102	0	102	0
103	4	103	0	103	0	103	208	103	738100	103	-68	103	-9675	103	6142815	103	3781	103	1	103	-1	103	11	103	-0.0129475109	103	0.00604217174	103	0.0120843435	103	0	103	0	103	0	103	0	103	0	103	0	103	0	103	0	103	68	103	-0.0245552585	103	0.015774468	103	0.01975354	103	0	103	0	103	0
104	4	104	0	104	0	104	192	104	748640	104	-60	104	-7413	104	6004794	104	3723	104	1	104	1	104	9	104	-0.0120843435	104	0.0181265157	104	0.0103580086	104	0	104	0	104	0	104	0	104	0	104	0	104	0	104	0	104	60	104	-0.0245552585	104	0.0291461516	104	0.01947887	104	0	104	0	104	0
105	4	105	0	105	0	105	176	105	758916	105	-60	105	-7490	105	5863711	105	1899	105	0	105	1	105	11	105	-0.0146738458	105	0.00258950214	105	0.0120843435	105	0	105	0	105	0	105	0	105	0	105	0	105	0	105	0	105	60	105	-0.0245552585	105	-0.0019263163	105	0.0209844541	105	0	105	0	105	0
106	4	106	0	106	0	106	164	106	768916	106	-52	106	-4614	106	5691293	106	4341	106	1	106	0	106	9	106	-0.0129475109	106	-0.00776850665	106	0.0103580086	106	0	106	0	106	0	106	0	106	0	106	0	106	0	106	0	106	52	106	-0.0245552585	106	-0.0133616	106	0.0184046049	106	0	106	0	106	0
107	4	107	0	107	0	107	144	107	778592	107	-48	107	-9110	107	5516220	107	1839	107	1	107	0	107	11	107	-0.0120843435	107	0	107	0.0120843435	107	0	107	0	107	0	107	0	107	0	107	0	107	0	107	0	107	48	107	-0.0244374443	107	0.00140024174	107	0.02029556	107	0	107	0	107	0
108	4	108	0	108	0	108	128	108	788012	108	-44	108	-8167	108	5367678	108	2893	108	0	108	1	108	11	108	-0.0138106784	108	0.011221176	108	0.0129475109	108	0	108	0	108	0	108	0	108	0	108	0	108	0	108	0	108	44	108	-0.0244374443	108	0.017736895	108	0.0194560513	108	0	108	0	108	0
109	4	109	0	109	0	109	104	109	797184	109	-40	109	-13131	109	5222808	109	3366	109	-1	109	1	109	9	109	-0.0146738458	109	0.00776850665	109	0.009494841	109	0	109	0	109	0	109	0	109	0	109	0	109	0	109	0	109	40	109	-0.0244374443	109	0.007836083	109	0.0185495187	109	0	109	0	109	0
110	4	110	0	110	0	110	84	110	806080	110	-24	110	-14699	110	5076948	110	8871	110	1	110	1	110	10	110	-0.0129475109	110	-0.0129475109	110	0.011221176	110	0	110	0	110	0	110	0	110	0	110	0	110	0	110	0	110	24	110	-0.0244374443	110	-0.02552092	110	0.0129186492	110	0	110	0	110	0
111	4	111	0	111	0	111	60	111	814692	111	-16	111	-15289	111	4922903	111	4557	111	1	111	0	111	9	111	-0.0129475109	111	-0.0155370133	111	0.009494841	111	0	111	0	111	0	111	0	111	0	111	0	111	0	111	0	111	16	111	-0.0244374443	111	-0.0259213243	111	0.015945591	111	0	111	0	111	0
112	4	112	0	112	0	112	24	112	823028	112	-4	112	-18722	112	4751745	112	6336	112	-1	112	0	112	8	112	-0.0155370133	112	-0.00604217174	112	0.008631674	112	0	112	0	112	0	112	0	112	0	112	0	112	0	112	0	112	4	112	-0.0244374443	112	-0.008070647	112	0.01360351	112	0	112	0	112	0
113	4	113	0	113	0	113	-4	113	831068	113	4	113	-19475	113	4576901	113	3641	113	2	113	-1	113	9	113	-0.011221176	113	0.00258950214	113	0.009494841	113	0	113	0	113	0	113	0	113	0	113	0	113	0	113	0	113	-4	113	-0.0243114047	113	0.007025162	113	0.01549829	113	0	113	0	113	0
114	4	114	0	114	0	114	-44	114	838828	114	4	114	-18438	114	4420887	114	685	114	1	114	0	114	9	114	-0.0129475109	114	0.004315837	114	0.0103580086	114	0	114	0	114	0	114	0	114	0	114	0	114	0	114	0	114	-4	114	-0.0243114047	114	0.008017677	114	0.01778035	114	0	114	0	114	0
115	4	115	0	115	0	115	-92	115	846280	115	8	115	-21430	115	4247387	115	933	115	-1	115	1	115	8	115	-0.0155370133	115	-0.009494841	115	0.00776850665	115	0	115	0	115	0	115	0	115	0	115	0	115	0	115	0	115	-8	115	-0.0243114047	115	-0.0218487177	115	0.01723125	115	0	115	0	115	0
116	4	116	0	116	0	116	-132	116	853440	116	16	116	-24441	116	4075081	116	1946	116	-1	116	1	116	8	116	-0.0146738458	116	-0.0146738458	116	0.008631674	116	0	116	0	116	0	116	0	116	0	116	0	116	0	116	0	116	-16	116	-0.0241769869	116	-0.0272932611	116	0.0160768963	116	0	116	0	116	0
117	4	117	0	117	0	117	-172	117	860280	117	8	117	-24921	117	3890734	117	-782	117	1	117	0	117	9	117	-0.0120843435	117	-0.0120843435	117	0.0103580086	117	0	117	0	117	0	117	0	117	0	117	0	117	0	117	0	117	-8	117	-0.0241769869	117	-0.0190318041	117	0.0183683634	117	0	117	0	117	0
118	4	118	0	118	0	118	-208	118	866776	118	16	118	-22932	118	3680854	118	-430	118	-1	118	0	118	8	118	-0.0146738458	118	-0.0017263348	118	0.008631674	118	0	118	0	118	0	118	0	118	0	118	0	118	0	118	0	118	-16	118	-0.0241769869	118	-0.0009095176	118	0.0178511571	118	0	118	0	118	0
119	4	119	0	119	0	119	-244	119	872912	119	20	119	-21571	119	3486804	119	-284	119	-1	119	0	119	9	119	-0.0146738458	119	0.009494841	119	0.009494841	119	0	119	0	119	0	119	0	119	0	119	0	119	0	119	0	119	-20	119	-0.0240340475	119	0.0167525746	119	0.01740743	119	0	119	0	119	0
120	4	120	0	120	0	120	-276	120	878716	120	28	120	-18240	120	3299154	120	1346	120	3	120	1	120	9	120	-0.009494841	120	0.0138106784	120	0.0103580086	120	0	120	0	120	0	120	0	120	0	120	0	120	0	120	0	120	-28	120	-0.0240340475	120	0.02224371	120	0.0156257227	120	0	120	0	120	0
121	4	121	0	121	0	121	-300	121	884240	121	24	121	-13177	121	3133337	121	-1454	121	-1	121	0	121	9	121	-0.0155370133	121	0.011221176	121	0.0103580086	121	0	121	0	121	0	121	0	121	0	121	0	121	0	121	0	121	-24	121	-0.0240340475	121	0.0178716537	121	0.0181251317	121	0	121	0	121	0
122	4	122	0	122	0	122	-316	122	889480	122	28	122	-7598	122	2979668	122	-686	122	-1	122	1	122	8	122	-0.0155370133	122	0	122	0.008631674	122	0	122	0	122	0	122	0	122	0	122	0	122	0	122	0	122	-28	122	-0.0240340475	122	-0.00432948163	122	0.0172337033	122	0	122	0	122	0
123	4	123	0	123	0	123	-320	123	894460	123	36	123	-4754	123	2827366	123	3910	123	3	123	1	123	8	123	-0.009494841	123	-0.006905339	123	0.00776850665	123	0	123	0	123	0	123	0	123	0	123	0	123	0	123	0	123	-36	123	-0.0240340475	123	-0.0148638953	123	0.0127509851	123	0	123	0	123	0
124	4	124	0	124	0	124	-324	124	899148	124	36	124	-3873	124	2661847	124	-1338	124	-1	124	0	124	9	124	-0.0146738458	124	-0.009494841	124	0.009494841	124	0	124	0	124	0	124	0	124	0	124	0	124	0	124	0	124	-36	124	-0.0240340475	124	-0.01619849	124	0.01718636	124	0	124	0	124	0
125	4	125	0	125	0	125	-312	125	903620	125	36	125	7028	125	2536013	125	686	125	-1	125	0	125	11	125	-0.0155370133	125	-0.006905339	125	0.0120843435	125	0	125	0	125	0	125	0	125	0	125	0	125	0	125	0	125	-36	125	-0.0240340475	125	-0.0103960233	125	0.01554564	125	0	125	0	125	0
126	4	126	0	126	0	126	-296	126	907824	126	32	126	9780	126	2387453	126	-242	126	3	126	0	126	9	126	-0.009494841	126	-0.0017263348	126	0.009494841	126	0	126	0	126	0	126	0	126	0	126	0	126	0	126	0	126	-32	126	-0.0240340475	126	-0.00212319987	126	0.016393872	126	0	126	0	126	0
127	4	127	0	127	0	127	-276	127	911844	127	32	127	12916	127	2279101	127	-659	127	0	127	-1	127	8	127	-0.0129475109	127	0.0017263348	127	0.00776850665	127	0	127	0	127	0	127	0	127	0	127	0	127	0	127	0	127	-32	127	-0.0240340475	127	0.00546804536	127	0.0165285915	127	0	127	0	127	0
128	4	128	0	128	0	128	-256	128	915620	128	32	128	10416	128	2138913	128	-144	128	-3	128	0	128	13	128	-0.0181265157	128	0.00776850665	128	0.0155370133	128	0	128	0	128	0	128	0	128	0	128	0	128	0	128	0	128	-32	128	-0.0240340475	128	0.0152043244	128	0.0162790474	128	0	128	0	128	0
129	4	129	0	129	0	129	-232	129	919204	129	28	129	13132	129	2035382	129	-1903	129	-1	129	1	129	9	129	-0.0146738458	129	0.0120843435	129	0.0103580086	129	0	129	0	129	0	129	0	129	0	129	0	129	0	129	0	129	-28	129	-0.0241769869	129	0.0196254551	129	0.0178220458	129	0	129	0	129	0
130	4	130	0	130	0	130	-204	130	922588	130	28	130	14040	130	1911439	130	-1035	130	1	130	1	130	9	130	-0.0129475109	130	0.0120843435	130	0.009494841	130	0	130	0	130	0	130	0	130	0	130	0	130	0	130	0	130	-28	130	-0.0241769869	130	0.01965009	130	0.0170076527	130	0	130	0	130	0
131	4	131	0	131	0	131	-188	131	925764	131	32	131	11478	131	1801130	131	386	131	1	131	0	131	11	131	-0.0120843435	131	0.0103580086	131	0.0120843435	131	0	131	0	131	0	131	0	131	0	131	0	131	0	131	0	131	-32	131	-0.0241769869	131	0.0181635711	131	0.01572122	131	0	131	0	131	0
132	4	132	0	132	0	132	-172	132	928744	132	32	132	10057	132	1686437	132	-611	132	-1	132	0	132	10	132	-0.0155370133	132	0.006905339	132	0.011221176	132	0	132	0	132	0	132	0	132	0	132	0	132	0	132	0	132	-32	132	-0.0241769869	132	0.0110421432	132	0.0166799482	132	0	132	0	132	0
133	4	133	0	133	0	133	-152	133	931508	133	32	133	8980	133	1567949	133	-2256	133	3	133	1	133	9	133	-0.009494841	133	0.0008631674	133	0.009494841	133	0	133	0	133	0	133	0	133	0	133	0	133	0	133	0	133	-32	133	-0.0241769869	133	-0.001636692	133	0.0182053652	133	0	133	0	133	0
134	4	134	0	134	0	134	-140	134	934120	134	20	134	4915	134	1479346	134	-1275	134	-2	134	0	134	11	134	-0.0172633473	134	-0.00604217174	134	0.0120843435	134	0	134	0	134	0	134	0	134	0	134	0	134	0	134	0	134	-20	134	-0.0241769869	134	-0.012272438	134	0.017866388	134	0	134	0	134	0
135	4	135	0	135	0	135	-120	135	936604	135	16	135	9516	135	1404329	135	-6077	135	-1	135	1	135	9	135	-0.0155370133	135	-0.00776850665	135	0.009494841	135	0	135	0	135	0	135	0	135	0	135	0	135	0	135	0	135	-16	135	-0.0241769869	135	-0.01756007	135	0.0222564116	135	0	135	0	135	0
136	4	136	0	136	0	136	-104	136	938916	136	20	136	7761	136	1309340	136	1969	136	3	136	0	136	8	136	-0.009494841	136	-0.0103580086	136	0.008631674	136	0	136	0	136	0	136	0	136	0	136	0	136	0	136	0	136	-20	136	-0.0243114047	136	-0.018664876	136	0.0151792485	136	0	136	0	136	0
137	4	137	0	137	0	137	-84	137	941108	137	12	137	12508	137	1240543	137	-1470	137	0	137	0	137	10	137	-0.0138106784	137	-0.0103580086	137	0.011221176	137	0	137	0	137	0	137	0	137	0	137	0	137	0	137	0	137	-12	137	-0.0243114047	137	-0.0186977517	137	0.01862127	137	0	137	0	137	0
138	4	138	0	138	0	138	-56	138	943152	138	-8	138	15081	138	1156176	138	-6401	138	1	138	1	138	11	138	-0.0129475109	138	-0.008631674	138	0.0129475109	138	0	138	0	138	0	138	0	138	0	138	0	138	0	138	0	138	8	138	-0.0243114047	138	-0.0182124563	138	0.0237752534	138	0	138	0	138	0
139	4	139	0	139	0	139	-36	139	945084	139	-8	139	12737	139	1092654	139	-4321	139	2	139	1	139	11	139	-0.011221176	139	-0.008631674	139	0.0120843435	139	0	139	0	139	0	139	0	139	0	139	0	139	0	139	0	139	8	139	-0.0243114047	139	-0.01653117	139	0.0224900786	139	0	139	0	139	0
140	4	140	0	140	0	140	0	140	946844	140	-16	140	15636	140	992542	140	-5360	140	-1	140	-1	140	9	140	-0.0146738458	140	-0.008631674	140	0.0103580086	140	0	140	0	140	0	140	0	140	0	140	0	140	0	140	0	140	16	140	-0.0243114047	140	-0.013479759	140	0.0237833541	140	0	140	0	140	0
141	4	141	0	141	0	141	40	141	948460	141	-20	141	21459	141	913990	141	-2343	141	1	141	0	141	10	141	-0.0129475109	141	-0.00604217174	141	0.011221176	141	0	141	0	141	0	141	0	141	0	141	0	141	0	141	0	141	20	141	-0.0244374443	141	-0.009980742	141	0.02162194	141	0	141	0	141	0
142	4	142	0	142	0	142	60	142	949988	142	-24	142	16667	142	856163	142	-458	142	2	142	2	142	9	142	-0.011221176	142	-0.0008631674	142	0.009494841	142	0	142	0	142	0	142	0	142	0	142	0	142	0	142	0	142	24	142	-0.0244374443	142	-0.00613932358	142	0.0201356187	142	0	142	0	142	0
143	4	143	0	143	0	143	80	143	951412	143	-24	143	11860	143	799013	143	-2775	143	1	143	-1	143	11	143	-0.0129475109	143	-0.00258950214	143	0.0129475109	143	0	143	0	143	0	143	0	143	0	143	0	143	0	143	0	143	24	143	-0.0244374443	143	-0.002279387	143	0.0225307774	143	0	143	0	143	0
144	4	144	0	144	0	144	92	144	952748	144	-20	144	4277	144	755997	144	2199	144	-2	144	0	144	8	144	-0.01640018	144	0	144	0.008631674	144	0	144	0	144	0	144	0	144	0	144	0	144	0	144	0	144	20	144	-0.0244374443	144	0.0009249969	144	0.0179201439	144	0	144	0	144	0
145	4	145	0	145	0	145	112	145	954028	145	-28	145	6675	145	718884	145	-1559	145	3	145	0	145	11	145	-0.009494841	145	0.00258950214	145	0.0120843435	145	0	145	0	145	0	145	0	145	0	145	0	145	0	145	0	145	28	145	-0.0244374443	145	0.004213468	145	0.0215697847	145	0	145	0	145	0
146	4	146	0	146	0	146	116	146	955256	146	-24	146	4629	146	692699	146	1225	146	-1	146	0	146	11	146	-0.0146738458	146	0.004315837	146	0.0120843435	146	0	146	0	146	0	146	0	146	0	146	0	146	0	146	0	146	24	146	-0.0244374443	146	0.007647922	146	0.0190749485	146	0	146	0	146	0
147	4	147	0	147	0	147	116	147	956428	147	-28	147	-1798	147	659728	147	605	147	-2	147	0	147	12	147	-0.01640018	147	0.00604217174	147	0.0138106784	147	0	147	0	147	0	147	0	147	0	147	0	147	0	147	0	147	28	147	-0.0244374443	147	0.0108032655	147	0.0196831562	147	0	147	0	147	0
148	4	148	0	148	0	148	116	148	957560	148	-28	148	-100	148	639717	148	-998	148	0	148	0	148	9	148	-0.0138106784	148	0.00776850665	148	0.0103580086	148	0	148	0	148	0	148	0	148	0	148	0	148	0	148	0	148	28	148	-0.0244374443	148	0.0138450386	148	0.0212305766	148	0	148	0	148	0
149	4	149	0	149	0	149	120	149	958640	149	-24	149	2736	149	605065	149	-143	149	2	149	0	149	10	149	-0.011221176	149	0.008631674	149	0.011221176	149	0	149	0	149	0	149	0	149	0	149	0	149	0	149	0	149	24	149	-0.0244374443	149	0.016265735	149	0.0202882979	149	0	149	0	149	0
150	4	150	0	150	0	150	128	150	959680	150	-28	150	4097	150	583083	150	773	150	-1	150	-1	150	11	150	-0.0146738458	150	0.009494841	150	0.0120843435	150	0	150	0	150	0	150	0	150	0	150	0	150	0	150	0	150	28	150	-0.0244374443	150	0.0182645936	150	0.0196629018	150	0	150	0	150	0
151	4	151	0	151	0	151	144	151	960656	151	-32	151	6957	151	546943	151	1950	151	-1	151	0	151	12	151	-0.0155370133	151	0.011221176	151	0.0138106784	151	0	151	0	151	0	151	0	151	0	151	0	151	0	151	0	151	32	151	-0.0244374443	151	0.0197612345	151	0.0189392716	151	0	151	0	151	0
152	4	152	0	152	0	152	156	152	961580	152	-28	152	7746	152	513250	152	-715	152	1	152	0	152	9	152	-0.0120843435	152	0.0120843435	152	0.009494841	152	0	152	0	152	0	152	0	152	0	152	0	152	0	152	0	152	28	152	-0.0245552585	152	0.0206710882	152	0.0211872384	152	0	152	0	152	0
153	4	153	0	153	0	153	164	153	962432	153	-32	153	7803	153	473037	153	251	153	0	153	1	153	9	153	-0.0146738458	153	0.0129475109	153	0.009494841	153	0	153	0	153	0	153	0	153	0	153	0	153	0	153	0	153	32	153	-0.0245552585	153	0.0212839488	153	0.020328911	153	0	153	0	153	0
154	4	154	0	154	0	154	184	154	963224	154	-28	154	10117	154	442567	154	1467	154	1	154	1	154	9	154	-0.0129475109	154	0.0138106784	154	0.009494841	154	0	154	0	154	0	154	0	154	0	154	0	154	0	154	0	154	28	154	-0.0245552585	154	0.02165815	154	0.019147804	154	0	154	0	154	0
155	4	155	0	155	0	155	184	155	963936	155	-28	155	2719	155	396882	155	1188	155	1	155	1	155	11	155	-0.0120843435	155	0.0138106784	155	0.0120843435	155	0	155	0	155	0	155	0	155	0	155	0	155	0	155	0	155	28	155	-0.0245552585	155	0.0219221022	155	0.01938041	155	0	155	0	155	0
156	4	156	0	156	0	156	188	156	964568	156	-20	156	2803	156	351482	156	3139	156	0	156	1	156	9	156	-0.0146738458	156	0.0138106784	156	0.0103580086	156	0	156	0	156	0	156	0	156	0	156	0	156	0	156	0	156	20	156	-0.0245552585	156	0.0221830234	156	0.0174479559	156	0	156	0	156	0
157	4	157	0	157	0	157	188	157	965132	157	-20	157	126	157	307878	157	2111	157	-1	157	1	157	9	157	-0.0155370133	157	0.0138106784	157	0.0103580086	157	0	157	0	157	0	157	0	157	0	157	0	157	0	157	0	157	20	157	-0.0245552585	157	0.0224649571	157	0.0181754418	157	0	157	0	157	0
158	4	158	0	158	0	158	172	158	965592	158	-16	158	-6929	158	250489	158	4039	158	2	158	0	158	11	158	-0.011221176	158	0.0129475109	158	0.0120843435	158	0	158	0	158	0	158	0	158	0	158	0	158	0	158	0	158	16	158	-0.0245552585	158	0.02264723	158	0.0163942929	158	0	158	0	158	0
159	4	159	0	159	0	159	152	159	965960	159	-20	159	-12866	159	196882	159	320	159	0	159	1	159	9	159	-0.0138106784	159	0.0146738458	159	0.0103580086	159	0	159	0	159	0	159	0	159	0	159	0	159	0	159	0	159	20	159	-0.0245552585	159	0.0228366572	159	0.0197330453	159	0	159	0	159	0
160	4	160	0	160	0	160	128	160	966228	160	-16	160	-13306	160	136829	160	1794	160	-1	160	0	160	8	160	-0.0155370133	160	0.0129475109	160	0.00776850665	160	0	160	0	160	0	160	0	160	0	160	0	160	0	160	0	160	16	160	-0.0244374443	160	0.0229642354	160	0.0181334373	160	0	160	0	160	0
161	4	161	0	161	0	161	96	161	966400	161	-12	161	-18840	161	84440	161	821	161	-1	161	0	161	11	161	-0.0146738458	161	0.0138106784	161	0.0120843435	161	0	161	0	161	0	161	0	161	0	161	0	161	0	161	0	161	12	161	-0.0244374443	161	0.02309011	161	0.0189053547	161	0	161	0	161	0
162	4	162	0	162	0	162	68	162	966472	162	-16	162	-20717	162	27097	162	2114	162	1	162	0	162	9	162	-0.0120843435	162	0.0129475109	162	0.0103580086	162	0	162	0	162	0	162	0	162	0	162	0	162	0	162	0	162	16	162	-0.0244374443	162	0.02309011	162	0.0178454351	162	0	162	0	162	0
163	4	163	0	163	0	163	28	163	966456	163	-8	163	-23773	163	-21638	163	-1381	163	0	163	0	163	9	163	-0.0138106784	163	0.0129475109	163	0.009494841	163	0	163	0	163	0	163	0	163	0	163	0	163	0	163	0	163	8	163	-0.0244374443	163	0.02309011	163	0.0207832046	163	0	163	0	163	0
164	4	164	0	164	0	164	-12	164	966392	164	-4	164	-20018	164	-47983	164	1431	164	-1	164	0	164	9	164	-0.0146738458	164	0.0129475109	164	0.009494841	164	0	164	0	164	0	164	0	164	0	164	0	164	0	164	0	164	4	164	-0.0243114047	164	0.02309011	164	0.0180519242	164	0	164	0	164	0
165	4	165	0	165	0	165	-48	165	966312	165	0	165	-23967	165	-54332	165	2705	165	1	165	-1	165	8	165	-0.0120843435	165	0.0120843435	165	0.00776850665	165	0	165	0	165	0	165	0	165	0	165	0	165	0	165	0	165	0	165	-0.0243114047	165	0.0230275579	165	0.0164841264	165	0	165	0	165	0
166	4	166	0	166	0	166	-84	166	966240	166	0	166	-20601	166	-51363	166	-343	166	-1	166	-1	166	9	166	-0.0146738458	166	0.0120843435	166	0.0103580086	166	0	166	0	166	0	166	0	166	0	166	0	166	0	166	0	166	0	166	-0.0243114047	166	0.0229642354	166	0.018991271	166	0	166	0	166	0
167	4	167	0	167	0	167	-112	167	966180	167	8	167	-16054	167	-45308	167	2900	167	-1	167	0	167	9	167	-0.0155370133	167	0.0138106784	167	0.009494841	167	0	167	0	167	0	167	0	167	0	167	0	167	0	167	0	167	-8	167	-0.0241769869	167	0.0229642354	167	0.0158355832	167	0	167	0	167	0
168	4	168	0	168	0	168	-148	168	966132	168	12	168	-16106	168	-33320	168	1760	168	2	168	0	168	8	168	-0.011221176	168	0.0138106784	168	0.008631674	168	0	168	0	168	0	168	0	168	0	168	0	168	0	168	0	168	-12	168	-0.0241769869	168	0.0229642354	168	0.0163856782	168	0	168	0	168	0
169	4	169	0	169	0	169	-164	169	966108	169	12	169	-13543	169	-21973	169	-15	169	-1	169	0	169	9	169	-0.0146738458	169	0.0129475109	169	0.0103580086	169	0	169	0	169	0	169	0	169	0	169	0	169	0	169	0	169	-12	169	-0.0241769869	169	0.0229004938	169	0.017740801	169	0	169	0	169	0
170	4	170	0	170	0	170	-172	170	966104	170	16	170	-7465	170	-9899	170	504	170	0	170	1	170	9	170	-0.0138106784	170	0.0138106784	170	0.009494841	170	0	170	0	170	0	170	0	170	0	170	0	170	0	170	0	170	-16	170	-0.0241769869	170	0.0229004938	170	0.0170301665	170	0	170	0	170	0
171	4	171	0	171	0	171	-172	171	966100	171	20	171	-1637	171	-7489	171	1387	171	1	171	-1	171	8	171	-0.0120843435	171	0.0120843435	171	0.008631674	171	0	171	0	171	0	171	0	171	0	171	0	171	0	171	0	171	-20	171	-0.0241769869	171	0.0229004938	171	0.0158549063	171	0	171	0	171	0
172	4	172	0	172	0	172	-184	172	966100	172	28	172	-3052	172	-8619	172	2643	172	1	172	1	172	7	172	-0.0129475109	172	0.0138106784	172	0.006905339	172	0	172	0	172	0	172	0	172	0	172	0	172	0	172	0	172	-28	172	-0.0241769869	172	0.0229004938	172	0.0143902879	172	0	172	0	172	0
173	4	173	0	173	0	173	-172	173	966096	173	32	173	2139	173	-11179	173	2087	173	-1	173	0	173	8	173	-0.0155370133	173	0.0129475109	173	0.00776850665	173	0	173	0	173	0	173	0	173	0	173	0	173	0	173	0	173	-32	173	-0.0241769869	173	0.0229004938	173	0.0146056563	173	0	173	0	173	0
174	4	174	0	174	0	174	-176	174	966088	174	32	174	2284	174	-12932	174	3140	174	1	174	-1	174	9	174	-0.0120843435	174	0.0120843435	174	0.009494841	174	0	174	0	174	0	174	0	174	0	174	0	174	0	174	0	174	-32	174	-0.0241769869	174	0.0229004938	174	0.01366053	174	0	174	0	174	0
175	4	175	0	175	0	175	-168	175	966088	175	32	175	3257	175	-13097	175	-884	175	1	175	1	175	9	175	-0.0129475109	175	0.0138106784	175	0.009494841	175	0	175	0	175	0	175	0	175	0	175	0	175	0	175	0	175	-32	175	-0.0241769869	175	0.0229004938	175	0.01711132	175	0	175	0	175	0
176	4	176	0	176	0	176	-168	176	966076	176	28	176	3013	176	-14237	176	-3905	176	-1	176	1	176	9	176	-0.0146738458	176	0.0138106784	176	0.009494841	176	0	176	0	176	0	176	0	176	0	176	0	176	0	176	0	176	-28	176	-0.0241769869	176	0.0229004938	176	0.0199539009	176	0	176	0	176	0
177	4	177	0	177	0	177	-164	177	966076	177	32	177	347	177	-12441	177	1498	177	0	177	1	177	9	177	-0.0138106784	177	0.0138106784	177	0.0103580086	177	0	177	0	177	0	177	0	177	0	177	0	177	0	177	0	177	-32	177	-0.0241769869	177	0.0229004938	177	0.0150334556	177	0	177	0	177	0
178	4	178	0	178	0	178	-164	178	966068	178	24	178	1324	178	-11257	178	-531	178	1	178	1	178	12	178	-0.0120843435	178	0.0138106784	178	0.0146738458	178	0	178	0	178	0	178	0	178	0	178	0	178	0	178	0	178	-24	178	-0.0241769869	178	0.0229004938	178	0.0170607716	178	0	178	0	178	0
179	4	179	0	179	0	179	-164	179	966060	179	24	179	741	179	-14570	179	-2036	179	-1	179	-1	179	11	179	-0.0146738458	179	0.0120843435	179	0.0120843435	179	0	179	0	179	0	179	0	179	0	179	0	179	0	179	0	179	-24	179	-0.0241769869	179	0.0229004938	179	0.0183953848	179	0	179	0	179	0
180	4	180	0	180	0	180	-160	180	966064	180	24	180	722	180	-8929	180	-1332	180	-1	180	0	180	9	180	-0.0146738458	180	0.0129475109	180	0.0103580086	180	0	180	0	180	0	180	0	180	0	180	0	180	0	180	0	180	-24	180	-0.0241769869	180	0.0229004938	180	0.0176927149	180	0	180	0	180	0
181	4	181	0	181	0	181	-160	181	966056	181	24	181	3047	181	-11662	181	-2226	181	3	181	1	181	8	181	-0.009494841	181	0.0146738458	181	0.00776850665	181	0	181	0	181	0	181	0	181	0	181	0	181	0	181	0	181	-24	181	-0.0241769869	181	0.0229004938	181	0.0185245387	181	0	181	0	181	0
182	4	182	0	182	0	182	-156	182	966064	182	24	182	1251	182	-8316	182	-1855	182	-1	182	-1	182	9	182	-0.0146738458	182	0.0120843435	182	0.0103580086	182	0	182	0	182	0	182	0	182	0	182	0	182	0	182	0	182	-24	182	-0.0241769869	182	0.0229004938	182	0.0183460712	182	0	182	0	182	0
183	4	183	0	183	0	183	-144	183	966064	183	16	183	4620	183	-8590	183	-4289	183	-1	183	1	183	9	183	-0.0155370133	183	0.0138106784	183	0.009494841	183	0	183	0	183	0	183	0	183	0	183	0	183	0	183	0	183	-16	183	-0.0241769869	183	0.0229004938	183	0.0206521638	183	0	183	0	183	0
184	4	184	0	184	0	184	-148	184	966064	184	16	184	2957	184	-7134	184	-1339	184	3	184	-1	184	9	184	-0.009494841	184	0.0120843435	184	0.0103580086	184	0	184	0	184	0	184	0	184	0	184	0	184	0	184	0	184	-16	184	-0.0241769869	184	0.0229004938	184	0.0184080116	184	0	184	0	184	0
185	4	185	0	185	0	185	-136	185	966056	185	12	185	3841	185	-8951	185	-3712	185	-1	185	-1	185	9	185	-0.0146738458	185	0.0120843435	185	0.0103580086	185	0	185	0	185	0	185	0	185	0	185	0	185	0	185	0	185	-12	185	-0.0241769869	185	0.0229004938	185	0.02076566	185	0	185	0	185	0
186	4	186	0	186	0	186	-120	186	966064	186	4	186	6444	186	-6166	186	-2751	186	1	186	1	186	9	186	-0.0120843435	186	0.0138106784	186	0.009494841	186	0	186	0	186	0	186	0	186	0	186	0	186	0	186	0	186	-4	186	-0.0241769869	186	0.0229004938	186	0.020319391	186	0	186	0	186	0
187	4	187	0	187	0	187	-96	187	966068	187	4	187	11145	187	-6336	187	846	187	2	187	-1	187	10	187	-0.011221176	187	0.0120843435	187	0.011221176	187	0	187	0	187	0	187	0	187	0	187	0	187	0	187	0	187	-4	187	-0.0243114047	187	0.0229004938	187	0.0173274633	187	0	187	0	187	0
188	4	188	0	188	0	188	-68	188	966064	188	0	188	17581	188	-9029	188	68	188	-1	188	1	188	11	188	-0.0155370133	188	0.0138106784	188	0.0129475109	188	0	188	0	188	0	188	0	188	0	188	0	188	0	188	0	188	0	188	-0.0243114047	188	0.0229004938	188	0.0182378963	188	0	188	0	188	0
189	4	189	0	189	0	189	-36	189	966068	189	-8	189	15906	189	-6942	189	-57	189	-1	189	-1	189	10	189	-0.0155370133	189	0.0120843435	189	0.011221176	189	0	189	0	189	0	189	0	189	0	189	0	189	0	189	0	189	8	189	-0.0243114047	189	0.0229004938	189	0.0184857063	189	0	189	0	189	0
190	4	190	0	190	0	190	-12	190	966072	190	-4	190	17669	190	-7491	190	-1515	190	3	190	0	190	8	190	-0.008631674	190	0.0129475109	190	0.008631674	190	0	190	0	190	0	190	0	190	0	190	0	190	0	190	0	190	4	190	-0.0243114047	190	0.0229004938	190	0.0196969956	190	0	190	0	190	0
191	4	191	0	191	0	191	12	191	966068	191	0	191	15726	191	-9487	191	-1953	191	1	191	0	191	8	191	-0.0120843435	191	0.0129475109	191	0.008631674	191	0	191	0	191	0	191	0	191	0	191	0	191	0	191	0	191	0	191	-0.0243114047	191	0.0229004938	191	0.0199734271	191	0	191	0	191	0
192	4	192	0	192	0	192	36	192	966072	192	0	192	16848	192	-8038	192	307	192	-1	192	-1	192	9	192	-0.0146738458	192	0.0120843435	192	0.0103580086	192	0	192	0	192	0	192	0	192	0	192	0	192	0	192	0	192	0	192	-0.0244374443	192	0.0229004938	192	0.0180334784	192	0	192	0	192	0
193	4	193	0	193	0	193	56	193	966064	193	0	193	13002	193	-11027	193	1167	193	1	193	1	193	9	193	-0.0129475109	193	0.0138106784	193	0.0103580086	193	0	193	0	193	0	193	0	193	0	193	0	193	0	193	0	193	0	193	-0.0244374443	193	0.0229004938	193	0.0172973089	193	0	193	0	193	0
194	4	194	0	194	0	194	80	194	966072	194	0	194	13438	194	-9399	194	2381	194	1	194	0	194	10	194	-0.0120843435	194	0.0129475109	194	0.011221176	194	0	194	0	194	0	194	0	194	0	194	0	194	0	194	0	194	0	194	-0.0244374443	194	0.0229004938	194	0.01610902	194	0	194	0	194	0
195	4	195	0	195	0	195	92	195	966072	195	0	195	9632	195	-6827	195	-1747	195	-2	195	1	195	8	195	-0.01640018	195	0.0138106784	195	0.008631674	195	0	195	0	195	0	195	0	195	0	195	0	195	0	195	0	195	0	195	-0.0244374443	195	0.0229004938	195	0.01957859	195	0	195	0	195	0
196	4	196	0	196	0	196	108	196	966068	196	-4	196	6303	196	-8244	196	-2177	196	-1	196	1	196	10	196	-0.0155370133	196	0.0146738458	196	0.011221176	196	0	196	0	196	0	196	0	196	0	196	0	196	0	196	0	196	4	196	-0.0244374443	196	0.0229004938	196	0.0202055927	196	0	196	0	196	0
197	4	197	0	197	0	197	116	197	966064	197	-8	197	4383	197	-11148	197	-1707	197	1	197	1	197	11	197	-0.0129475109	197	0.0146738458	197	0.0129475109	197	0	197	0	197	0	197	0	197	0	197	0	197	0	197	0	197	8	197	-0.0244374443	197	0.0229004938	197	0.0197124612	197	0	197	0	197	0
198	4	198	0	198	0	198	120	198	966072	198	0	198	2766	198	-9464	198	-1102	198	-1	198	1	198	10	198	-0.0155370133	198	0.0138106784	198	0.011221176	198	0	198	0	198	0	198	0	198	0	198	0	198	0	198	0	198	0	198	-0.0244374443	198	0.0229004938	198	0.01917554	198	0	198	0	198	0
199	4	199	0	199	0	199	136	199	966064	199	0	199	5773	199	-12656	199	2827	199	1	199	0	199	11	199	-0.0129475109	199	0.0129475109	199	0.0120843435	199	0	199	0	199	0	199	0	199	0	199	0	199	0	199	0	199	0	199	-0.0244374443	199	0.0229004938	199	0.015872946	199	0	199	0	199	0
200	4	200	0	200	0	200	132	200	966072	200	-4	200	-545	200	-5916	200	3	200	2	200	-1	200	9	200	-0.011221176	200	0.0120843435	200	0.0103580086	200	0	200	0	200	0	200	0	200	0	200	0	200	0	200	0	200	4	200	-0.0244374443	200	0.0229004938	200	0.01847565	200	0	200	0	200	0
201	4	201	0	201	0	201	128	201	966068	201	-4	201	-3213	201	-11755	201	-652	201	-1	201	0	201	11	201	-0.0146738458	201	0.0129475109	201	0.0120843435	201	0	201	0	201	0	201	0	201	0	201	0	201	0	201	0	201	4	201	-0.0244374443	201	0.0229004938	201	0.0191310812	201	0	201	0	201	0
202	4	202	0	202	0	202	128	202	966076	202	-12	202	-2265	202	-2418	202	-3150	202	-1	202	1	202	11	202	-0.0155370133	202	0.0138106784	202	0.0120843435	202	0	202	0	202	0	202	0	202	0	202	0	202	0	202	0	202	12	202	-0.0244374443	202	0.0229004938	202	0.0217226744	202	0	202	0	202	0
203	4	203	0	203	0	203	120	203	966064	203	-12	203	-3041	203	-10433	203	-3181	203	1	203	-1	203	8	203	-0.0129475109	203	0.0120843435	203	0.008631674	203	0	203	0	203	0	203	0	203	0	203	0	203	0	203	0	203	12	203	-0.0244374443	203	0.0229004938	203	0.0218196288	203	0	203	0	203	0
204	4	204	0	204	0	204	120	204	966064	204	-4	204	-3246	204	-9148	204	2581	204	-1	204	1	204	8	204	-0.0146738458	204	0.0138106784	204	0.00776850665	204	0	204	0	204	0	204	0	204	0	204	0	204	0	204	0	204	4	204	-0.0244374443	204	0.0229004938	204	0.0164969061	204	0	204	0	204	0
205	4	205	0	205	0	205	108	205	966068	205	-16	205	-6281	205	-5726	205	-2976	205	-1	205	1	205	10	205	-0.0155370133	205	0.0138106784	205	0.011221176	205	0	205	0	205	0	205	0	205	0	205	0	205	0	205	0	205	16	205	-0.0244374443	205	0.0229004938	205	0.0217839964	205	0	205	0	205	0
206	4	206	0	206	0	206	92	206	966060	206	-8	206	-9331	206	-11332	206	1180	206	1	206	1	206	9	206	-0.0120843435	206	0.0146738458	206	0.0103580086	206	0	206	0	206	0	206	0	206	0	206	0	206	0	206	0	206	8	206	-0.0244374443	206	0.0229004938	206	0.0178582836	206	0	206	0	206	0
207	4	207	0	207	0	207	76	207	966068	207	-12	207	-7375	207	-10126	207	-741	207	1	207	0	207	11	207	-0.0120843435	207	0.0129475109	207	0.0129475109	207	0	207	0	207	0	207	0	207	0	207	0	207	0	207	0	207	12	207	-0.0244374443	207	0.0229004938	207	0.01954575	207	0	207	0	207	0
208	4	208	0	208	0	208	44	208	966056	208	0	208	-14600	208	-14044	208	3929	208	-1	208	1	208	9	208	-0.0155370133	208	0.0138106784	208	0.0103580086	208	0	208	0	208	0	208	0	208	0	208	0	208	0	208	0	208	0	208	-0.0244374443	208	0.0229004938	208	0.0151056834	208	0	208	0	208	0
209	4	209	0	209	0	209	24	209	966056	209	-4	209	-14074	209	-10741	209	362	209	1	209	1	209	9	209	-0.0129475109	209	0.0138106784	209	0.0103580086	209	0	209	0	209	0	209	0	209	0	209	0	209	0	209	0	209	4	209	-0.0244374443	209	0.0229004938	209	0.0180645064	209	0	209	0	209	0
210	4	210	0	210	0	210	4	210	966060	210	0	210	-10890	210	-8664	210	-72	210	-1	210	1	210	10	210	-0.0146738458	210	0.0138106784	210	0.011221176	210	0	210	0	210	0	210	0	210	0	210	0	210	0	210	0	210	0	210	-0.0243114047	210	0.0229004938	210	0.0184169486	210	0	210	0	210	0
211	4	211	0	211	0	211	-20	211	966056	211	4	211	-10146	211	-12054	211	3639	211	-2	211	0	211	8	211	-0.01640018	211	0.0129475109	211	0.008631674	211	0	211	0	211	0	211	0	211	0	211	0	211	0	211	0	211	-4	211	-0.0243114047	211	0.0229004938	211	0.0148127973	211	0	211	0	211	0
212	4	212	0	212	0	212	-36	212	966060	212	4	212	-10291	212	-7573	212	-16	212	-1	212	1	212	8	212	-0.0146738458	212	0.0138106784	212	0.008631674	212	0	212	0	212	0	212	0	212	0	212	0	212	0	212	0	212	-4	212	-0.0243114047	212	0.0229004938	212	0.0180181731	212	0	212	0	212	0
213	4	213	0	213	0	213	-48	213	966056	213	8	213	-10137	213	-10174	213	-582	213	1	213	1	213	8	213	-0.0120843435	213	0.0146738458	213	0.00776850665	213	0	213	0	213	0	213	0	213	0	213	0	213	0	213	0	213	-8	213	-0.0243114047	213	0.0229004938	213	0.0183619224	213	0	213	0	213	0
214	4	214	0	214	0	214	-68	214	966044	214	12	214	-5973	214	-10329	214	2384	214	1	214	0	214	8	214	-0.0120843435	214	0.0129475109	214	0.008631674	214	0	214	0	214	0	214	0	214	0	214	0	214	0	214	0	214	-12	214	-0.0243114047	214	0.0229004938	214	0.01550848	214	0	214	0	214	0
215	4	215	0	215	0	215	-88	215	966036	215	16	215	-10560	215	-10640	215	3869	215	-1	215	1	215	9	215	-0.0155370133	215	0.0138106784	215	0.009494841	215	0	215	0	215	0	215	0	215	0	215	0	215	0	215	0	215	-16	215	-0.0243114047	215	0.0229004938	215	0.0137042738	215	0	215	0	215	0
216	4	216	0	216	0	216	-104	216	966020	216	28	216	-9118	216	-15951	216	4070	216	3	216	1	216	8	216	-0.009494841	216	0.0138106784	216	0.008631674	216	0	216	0	216	0	216	0	216	0	216	0	216	0	216	0	216	-28	216	-0.0243114047	216	0.0229004938	216	0.0130941831	216	0	216	0	216	0
217	4	217	0	217	0	217	-108	217	966012	217	24	217	-6843	217	-15117	217	358	217	1	217	1	217	8	217	-0.0120843435	217	0.0138106784	217	0.00776850665	217	0	217	0	217	0	217	0	217	0	217	0	217	0	217	0	217	-24	217	-0.0241769869	217	0.0229004938	217	0.0163259432	217	0	217	0	217	0
218	4	218	0	218	0	218	-128	218	965992	218	20	218	-9465	218	-18359	218	1195	218	0	218	1	218	9	218	-0.0138106784	218	0.0138106784	218	0.009494841	218	0	218	0	218	0	218	0	218	0	218	0	218	0	218	0	218	-20	218	-0.0241769869	218	0.0228366572	218	0.0155402217	218	0	218	0	218	0
219	4	219	0	219	0	219	-136	219	965972	219	20	219	-4088	219	-19670	219	-581	219	1	219	0	219	10	219	-0.0120843435	219	0.0129475109	219	0.011221176	219	0	219	0	219	0	219	0	219	0	219	0	219	0	219	0	219	-20	219	-0.0241769869	219	0.0228366572	219	0.01708865	219	0	219	0	219	0
220	4	220	0	220	0	220	-140	220	965940	220	20	220	-5313	220	-23739	220	-2682	220	1	220	-1	220	9	220	-0.0120843435	220	0.0120843435	220	0.009494841	220	0	220	0	220	0	220	0	220	0	220	0	220	0	220	0	220	-20	220	-0.0241769869	220	0.0228366572	220	0.0189497359	220	0	220	0	220	0
221	4	221	0	221	0	221	-152	221	965916	221	20	221	-4921	221	-25699	221	-131	221	-2	221	-1	221	8	221	-0.01640018	221	0.0120843435	221	0.008631674	221	0	221	0	221	0	221	0	221	0	221	0	221	0	221	0	221	-20	221	-0.0241769869	221	0.0228366572	221	0.0168610346	221	0	221	0	221	0
222	4	222	0	222	0	222	-168	222	965896	222	20	222	-5627	222	-20904	222	-2411	222	3	222	-1	222	9	222	-0.009494841	222	0.0120843435	222	0.009494841	222	0	222	0	222	0	222	0	222	0	222	0	222	0	222	0	222	-20	222	-0.0241769869	222	0.0228366572	222	0.0189646352	222	0	222	0	222	0
223	4	223	0	223	0	223	-176	223	965872	223	16	223	-4590	223	-23879	223	-1768	223	1	223	1	223	8	223	-0.0120843435	223	0.0138106784	223	0.00776850665	223	0	223	0	223	0	223	0	223	0	223	0	223	0	223	0	223	-16	223	-0.0241769869	223	0.0228366572	223	0.0182964318	223	0	223	0	223	0
224	4	224	0	224	0	224	-180	224	965844	224	20	224	-3533	224	-21300	224	2003	224	-1	224	-1	224	11	224	-0.0146738458	224	0.0120843435	224	0.0129475109	224	0	224	0	224	0	224	0	224	0	224	0	224	0	224	0	224	-20	224	-0.0241769869	224	0.0227730088	224	0.0149838272	224	0	224	0	224	0
225	4	225	0	225	0	225	-184	225	965820	225	24	225	-2607	225	-22862	225	420	225	0	225	1	225	8	225	-0.0138106784	225	0.0138106784	225	0.008631674	225	0	225	0	225	0	225	0	225	0	225	0	225	0	225	0	225	-24	225	-0.0241769869	225	0.0227730088	225	0.0161897652	225	0	225	0	225	0
226	4	226	0	226	0	226	-188	226	965800	226	20	226	-4418	226	-20967	226	-1158	226	1	226	1	226	9	226	-0.0120843435	226	0.0138106784	226	0.009494841	226	0	226	0	226	0	226	0	226	0	226	0	226	0	226	0	226	-20	226	-0.0241769869	226	0.0227730088	226	0.0176905189	226	0	226	0	226	0
227	4	227	0	227	0	227	-192	227	965780	227	20	227	-2196	227	-19302	227	2313	227	-1	227	1	227	8	227	-0.0155370133	227	0.0138106784	227	0.008631674	227	0	227	0	227	0	227	0	227	0	227	0	227	0	227	0	227	-20	227	-0.0241769869	227	0.0227730088	227	0.0147009175	227	0	227	0	227	0
228	4	228	0	228	0	228	-196	228	965780	228	16	228	-805	228	-10862	228	429	228	-1	228	1	228	9	228	-0.0155370133	228	0.0138106784	228	0.0103580086	228	0	228	0	228	0	228	0	228	0	228	0	228	0	228	0	228	-16	228	-0.0241769869	228	0.0227730088	228	0.01626081	228	0	228	0	228	0
229	4	229	0	229	0	229	-196	229	965772	229	20	229	-349	229	-11018	229	135	229	2	229	-1	229	11	229	-0.0103580086	229	0.0120843435	229	0.0129475109	229	0	229	0	229	0	229	0	229	0	229	0	229	0	229	0	229	-20	229	-0.0241769869	229	0.0227730088	229	0.0166074	229	0	229	0	229	0
230	4	230	0	230	0	230	-192	230	965772	230	16	230	2742	230	-10964	230	-409	230	1	230	1	230	9	230	-0.0129475109	230	0.0138106784	230	0.0103580086	230	0	230	0	230	0	230	0	230	0	230	0	230	0	230	0	230	-16	230	-0.0241769869	230	0.0227730088	230	0.01712702	230	0	230	0	230	0
231	4	231	0	231	0	231	-200	231	965780	231	20	231	-2496	231	-6085	231	-37	231	-1	231	1	231	9	231	-0.0146738458	231	0.0138106784	231	0.0103580086	231	0	231	0	231	0	231	0	231	0	231	0	231	0	231	0	231	-20	231	-0.0241769869	231	0.0227730088	231	0.0166647267	231	0	231	0	231	0
232	4	232	0	232	0	232	-192	232	965780	232	24	232	1798	232	-7872	232	3183	232	2	232	1	232	9	232	-0.011221176	232	0.0138106784	232	0.009494841	232	0	232	0	232	0	232	0	232	0	232	0	232	0	232	0	232	-24	232	-0.0241769869	232	0.0227730088	232	0.013863096	232	0	232	0	232	0
233	4	233	0	233	0	233	-180	233	965784	233	16	233	4004	233	-5117	233	-670	233	-1	233	0	233	8	233	-0.0146738458	233	0.0129475109	233	0.008631674	233	0	233	0	233	0	233	0	233	0	233	0	233	0	233	0	233	-16	233	-0.0241769869	233	0.0227730088	233	0.0171938054	233	0	233	0	233	0
234	4	234	0	234	0	234	-176	234	965776	234	24	234	3680	234	-8538	234	2505	234	-1	234	-1	234	9	234	-0.0155370133	234	0.0120843435	234	0.009494841	234	0	234	0	234	0	234	0	234	0	234	0	234	0	234	0	234	-24	234	-0.0241769869	234	0.0227730088	234	0.0142339449	234	0	234	0	234	0
235	4	235	0	235	0	235	-160	235	965780	235	12	235	6558	235	-9442	235	-3875	235	2	235	1	235	9	235	-0.011221176	235	0.0138106784	235	0.009494841	235	0	235	0	235	0	235	0	235	0	235	0	235	0	235	0	235	-12	235	-0.0241769869	235	0.0227730088	235	0.0200839918	235	0	235	0	235	0
236	4	236	0	236	0	236	-148	236	965780	236	12	236	6863	236	-7653	236	-3206	236	2	236	1	236	8	236	-0.011221176	236	0.0138106784	236	0.00776850665	236	0	236	0	236	0	236	0	236	0	236	0	236	0	236	0	236	-12	236	-0.0241769869	236	0.0227730088	236	0.0194867328	236	0	236	0	236	0
237	4	237	0	237	0	237	-128	237	965780	237	16	237	9665	237	-10071	237	185	237	-1	237	0	237	9	237	-0.0146738458	237	0.0129475109	237	0.0103580086	237	0	237	0	237	0	237	0	237	0	237	0	237	0	237	0	237	-16	237	-0.0241769869	237	0.0227730088	237	0.0163866058	237	0	237	0	237	0
238	4	238	0	238	0	238	-100	238	965780	238	20	238	11828	238	-10870	238	411	238	-1	238	0	238	9	238	-0.0146738458	238	0.0129475109	238	0.0103580086	238	0	238	0	238	0	238	0	238	0	238	0	238	0	238	0	238	-20	238	-0.0243114047	238	0.0227730088	238	0.01614893	238	0	238	0	238	0
239	4	239	0	239	0	239	-88	239	965784	239	16	239	10585	239	-8352	239	-2680	239	1	239	1	239	9	239	-0.0129475109	239	0.0146738458	239	0.0103580086	239	0	239	0	239	0	239	0	239	0	239	0	239	0	239	0	239	-16	239	-0.0243114047	239	0.0227730088	239	0.0190197676	239	0	239	0	239	0
240	4	240	0	240	0	240	-64	240	965784	240	20	240	11906	240	-8274	240	-433	240	-1	240	1	240	8	240	-0.0155370133	240	0.0138106784	240	0.00776850665	240	0	240	0	240	0	240	0	240	0	240	0	240	0	240	0	240	-20	240	-0.0243114047	240	0.0227730088	240	0.0169270281	240	0	240	0	240	0
241	4	241	0	241	0	241	-44	241	965788	241	8	241	11586	241	-5153	241	-5225	241	1	241	1	241	8	241	-0.0129475109	241	0.0146738458	241	0.008631674	241	0	241	0	241	0	241	0	241	0	241	0	241	0	241	0	241	-8	241	-0.0243114047	241	0.0227730088	241	0.02134628	241	0	241	0	241	0
242	4	242	0	242	0	242	-20	242	965780	242	16	242	12683	242	-9620	242	246	242	1	242	0	242	9	242	-0.0129475109	242	0.0129475109	242	0.009494841	242	0	242	0	242	0	242	0	242	0	242	0	242	0	242	0	242	-16	242	-0.0243114047	242	0.0227730088	242	0.0164132714	242	0	242	0	242	0
243	4	243	0	243	0	243	-4	243	965792	243	8	243	10849	243	-7083	243	-4281	243	-1	243	1	243	9	243	-0.0155370133	243	0.0146738458	243	0.0103580086	243	0	243	0	243	0	243	0	243	0	243	0	243	0	243	0	243	-8	243	-0.0243114047	243	0.0227730088	243	0.02071096	243	0	243	0	243	0
244	4	244	0	244	0	244	12	244	965784	244	20	244	11353	244	-7334	244	3939	244	1	244	-1	244	9	244	-0.0129475109	244	0.0120843435	244	0.009494841	244	0	244	0	244	0	244	0	244	0	244	0	244	0	244	0	244	-20	244	-0.0243114047	244	0.0227730088	244	0.013222184	244	0	244	0	244	0
245	4	245	0	245	0	245	28	245	965784	245	8	245	7144	245	-6872	245	-1493	245	3	245	1	245	11	245	-0.009494841	245	0.0138106784	245	0.0129475109	245	0	245	0	245	0	245	0	245	0	245	0	245	0	245	0	245	-8	245	-0.0244374443	245	0.0227730088	245	0.0184492934	245	0	245	0	245	0
246	4	246	0	246	0	246	32	246	965788	246	0	246	4479	246	-7196	246	-4437	246	1	246	-1	246	12	246	-0.0129475109	246	0.0120843435	246	0.0138106784	246	0	246	0	246	0	246	0	246	0	246	0	246	0	246	0	246	0	246	-0.0244374443	246	0.0227730088	246	0.0214419346	246	0	246	0	246	0
247	4	247	0	247	0	247	48	247	965788	247	4	247	6931	247	-8045	247	26	247	1	247	1	247	11	247	-0.0129475109	247	0.0138106784	247	0.0129475109	247	0	247	0	247	0	247	0	247	0	247	0	247	0	247	0	247	-4	247	-0.0244374443	247	0.0227730088	247	0.0174937379	247	0	247	0	247	0
248	4	248	0	248	0	248	48	248	965788	248	-4	248	1236	248	-7671	248	-2327	248	3	248	1	248	11	248	-0.009494841	248	0.0138106784	248	0.0120843435	248	0	248	0	248	0	248	0	248	0	248	0	248	0	248	0	248	4	248	-0.0244374443	248	0.0227730088	248	0.0198425334	248	0	248	0	248	0
249	4	249	0	249	0	249	60	249	965792	249	-4	249	2539	249	-6615	249	-206	249	-1	249	0	249	9	249	-0.0146738458	249	0.0129475109	249	0.0103580086	249	0	249	0	249	0	249	0	249	0	249	0	249	0	249	0	249	4	249	-0.0244374443	249	0.0227730088	249	0.018003691	249	0	249	0	249	0
250	4	250	0	250	0	250	60	250	965788	250	-4	250	959	250	-6910	250	461	250	-1	250	0	250	11	250	-0.0155370133	250	0.0129475109	250	0.0129475109	250	0	250	0	250	0	250	0	250	0	250	0	250	0	250	0	250	4	250	-0.0244374443	250	0.0227730088	250	0.0175801553	250	0	250	0	250	0
251	4	251	0	251	0	251	56	251	965792	251	-4	251	-1363	251	-5210	251	2375	251	2	251	1	251	9	251	-0.011221176	251	0.0138106784	251	0.009494841	251	0	251	0	251	0	251	0	251	0	251	0	251	0	251	0	251	4	251	-0.0244374443	251	0.0227730088	251	0.0157984588	251	0	251	0	251	0
252	4	252	0	252	0	252	52	252	965792	252	-8	252	647	252	-9254	252	-1627	252	1	252	1	252	8	252	-0.0120843435	252	0.0138106784	252	0.008631674	252	0	252	0	252	0	252	0	252	0	252	0	252	0	252	0	252	8	252	-0.0244374443	252	0.0227730088	252	0.0193146188	252	0	252	0	252	0
253	4	253	0	253	0	253	44	253	965784	253	-4	253	-4229	253	-10300	253	-1422	253	0	253	1	253	9	253	-0.0138106784	253	0.0138106784	253	0.009494841	253	0	253	0	253	0	253	0	253	0	253	0	253	0	253	0	253	4	253	-0.0244374443	253	0.0227730088	253	0.0190719664	253	0	253	0	253	0
254	4	254	0	254	0	254	40	254	965788	254	0	254	-6634	254	-8105	254	34	254	2	254	1	254	9	254	-0.011221176	254	0.0138106784	254	0.009494841	254	0	254	0	254	0	254	0	254	0	254	0	254	0	254	0	254	0	254	-0.0244374443	254	0.0227730088	254	0.0177432336	254	0	254	0	254	0
255	4	255	0	255	0	255	24	255	965788	255	0	255	-5475	255	-8127	255	797	255	1	255	1	255	8	255	-0.0129475109	255	0.0146738458	255	0.008631674	255	0	255	0	255	0	255	0	255	0	255	0	255	0	255	0	255	0	255	-0.0244374443	255	0.0227730088	255	0.0168743543	255	0	255	0	255	0
256	4	256	0	256	0	256	16	256	965792	256	-4	256	-6897	256	-7133	256	-1345	256	-2	256	1	256	11	256	-0.01640018	256	0.0138106784	256	0.0129475109	256	0	256	0	256	0	256	0	256	0	256	0	256	0	256	0	256	4	256	-0.0243114047	256	0.0227730088	256	0.0190511737	256	0	256	0	256	0
257	4	257	0	257	0	257	-4	257	965788	257	-4	257	-8943	257	-8148	257	-2329	257	-1	257	1	257	9	257	-0.0146738458	257	0.0138106784	257	0.0103580086	257	0	257	0	257	0	257	0	257	0	257	0	257	0	257	0	257	4	257	-0.0243114047	257	0.0227730088	257	0.0198612157	257	0	257	0	257	0
258	4	258	0	258	0	258	-16	258	965784	258	-4	258	-6772	258	-11184	258	-672	258	1	258	1	258	10	258	-0.0120843435	258	0.0138106784	258	0.011221176	258	0	258	0	258	0	258	0	258	0	258	0	258	0	258	0	258	4	258	-0.0243114047	258	0.0227730088	258	0.0183638725	258	0	258	0	258	0
259	4	259	0	259	0	259	-24	259	965788	259	4	259	-6944	259	-6102	259	3867	259	-2	259	-1	259	10	259	-0.01640018	259	0.0120843435	259	0.011221176	259	0	259	0	259	0	259	0	259	0	259	0	259	0	259	0	259	-4	259	-0.0243114047	259	0.0227730088	259	0.0142363738	259	0	259	0	259	0
260	4	260	0	260	0	260	-36	260	965784	260	-4	260	-7157	260	-9348	260	-1442	260	-1	260	1	260	8	260	-0.0146738458	260	0.0138106784	260	0.008631674	260	0	260	0	260	0	260	0	260	0	260	0	260	0	260	0	260	4	260	-0.0243114047	260	0.0227730088	260	0.019118119	260	0	260	0	260	0
261	4	261	0	261	0	261	-48	261	965780	261	0	261	-6385	261	-9630	261	-1912	261	3	261	1	261	10	261	-0.008631674	261	0.0138106784	261	0.011221176	261	0	261	0	261	0	261	0	261	0	261	0	261	0	261	0	261	0	261	-0.0243114047	261	0.0227730088	261	0.0195357427	261	0	261	0	261	0
262	4	262	0	262	0	262	-60	262	965784	262	0	262	-8781	262	-7721	262	-19	262	-1	262	1	262	9	262	-0.0155370133	262	0.0138106784	262	0.009494841	262	0	262	0	262	0	262	0	262	0	262	0	262	0	262	0	262	0	262	-0.0243114047	262	0.0227730088	262	0.0176918339	262	0	262	0	262	0
263	4	263	0	263	0	263	-72	263	965776	263	-4	263	-7471	263	-11292	263	-1460	263	1	263	1	263	9	263	-0.0129475109	263	0.0138106784	263	0.0103580086	263	0	263	0	263	0	263	0	263	0	263	0	263	0	263	0	263	4	263	-0.0243114047	263	0.0227730088	263	0.0190302655	263	0	263	0	263	0
264	4	264	0	264	0	264	-80	264	965772	264	0	264	-7409	264	-10656	264	-810	264	2	264	1	264	9	264	-0.011221176	264	0.0146738458	264	0.0103580086	264	0	264	0	264	0	264	0	264	0	264	0	264	0	264	0	264	0	264	-0.0243114047	264	0.0227730088	264	0.0183411781	264	0	264	0	264	0
265	4	265	0	265	0	265	-96	265	965780	265	-4	265	-8279	265	-10572	265	-3097	265	-1	265	-1	265	12	265	-0.0146738458	265	0.0120843435	265	0.0138106784	265	0	265	0	265	0	265	0	265	0	265	0	265	0	265	0	265	4	265	-0.0243114047	265	0.0227730088	265	0.020464899	265	0	265	0	265	0
266	4	266	0	266	0	266	-108	266	965780	266	4	266	-7237	266	-7258	266	6723	266	-1	266	0	266	10	266	-0.0155370133	266	0.0129475109	266	0.011221176	266	0	266	0	266	0	266	0	266	0	266	0	266	0	266	0	266	-4	266	-0.0241769869	266	0.0227730088	266	0.0115955863	266	0	266	0	266	0
267	4	267	0	267	0	267	-132	267	965780	267	0	267	-11076	267	-7201	267	-579	267	1	267	1	267	10	267	-0.0120843435	267	0.0138106784	267	0.011221176	267	0	267	0	267	0	267	0	267	0	267	0	267	0	267	0	267	0	267	-0.0241769869	267	0.0227730088	267	0.01803189	267	0	267	0	267	0
268	4	268	0	268	0	268	-148	268	965776	268	-4	268	-8486	268	-10488	268	-2735	268	1	268	1	268	8	268	-0.0120843435	268	0.0138106784	268	0.00776850665	268	0	268	0	268	0	268	0	268	0	268	0	268	0	268	0	268	4	268	-0.0241769869	268	0.0227730088	268	0.0200270247	268	0	268	0	268	0
269	4	269	0	269	0	269	-160	269	965776	269	4	269	-7557	269	-6026	269	1559	269	-1	269	1	269	11	269	-0.0155370133	269	0.0138106784	269	0.0129475109	269	0	269	0	269	0	269	0	269	0	269	0	269	0	269	0	269	-4	269	-0.0241769869	269	0.0227730088	269	0.016009165	269	0	269	0	269	0
270	4	270	0	270	0	270	-172	270	965772	270	4	270	-8301	270	-10993	270	-1615	270	-1	270	1	270	9	270	-0.0146738458	270	0.0138106784	270	0.009494841	270	0	270	0	270	0	270	0	270	0	270	0	270	0	270	0	270	-4	270	-0.0241769869	270	0.0227730088	270	0.01873048	270	0	270	0	270	0
271	4	271	0	271	0	271	-184	271	965768	271	4	271	-5778	271	-8862	271	-68	271	1	271	0	271	8	271	-0.0120843435	271	0.0129475109	271	0.008631674	271	0	271	0	271	0	271	0	271	0	271	0	271	0	271	0	271	-4	271	-0.0241769869	271	0.0227730088	271	0.0173750445	271	0	271	0	271	0
272	4	272	0	272	0	272	-188	272	965772	272	-4	272	-560	272	-10624	272	-4667	272	-1	272	-1	272	10	272	-0.0146738458	272	0.0120843435	272	0.011221176	272	0	272	0	272	0	272	0	272	0	272	0	272	0	272	0	272	4	272	-0.0241769869	272	0.0227730088	272	0.0216417629	272	0	272	0	272	0
273	4	273	0	273	0	273	-192	273	965776	273	8	273	-1553	273	-9113	273	1735	273	2	273	1	273	8	273	-0.011221176	273	0.0138106784	273	0.00776850665	273	0	273	0	273	0	273	0	273	0	273	0	273	0	273	0	273	-8	273	-0.0241769869	273	0.0227730088	273	0.0156835038	273	0	273	0	273	0
274	4	274	0	274	0	274	-192	274	965780	274	8	274	-615	274	-5929	274	2732	274	1	274	0	274	11	274	-0.0120843435	274	0.0129475109	274	0.0120843435	274	0	274	0	274	0	274	0	274	0	274	0	274	0	274	0	274	-8	274	-0.0241769869	274	0.0227730088	274	0.014805343	274	0	274	0	274	0
275	4	275	0	275	0	275	-184	275	965780	275	4	275	275	275	-8185	275	-2571	275	1	275	1	275	9	275	-0.0129475109	275	0.0138106784	275	0.009494841	275	0	275	0	275	0	275	0	275	0	275	0	275	0	275	0	275	-4	275	-0.0241769869	275	0.0227730088	275	0.01946962	275	0	275	0	275	0
276	4	276	0	276	0	276	-180	276	965780	276	8	276	2806	276	-8646	276	1850	276	-1	276	0	276	9	276	-0.0146738458	276	0.0129475109	276	0.0103580086	276	0	276	0	276	0	276	0	276	0	276	0	276	0	276	0	276	-8	276	-0.0241769869	276	0.0227730088	276	0.0153866969	276	0	276	0	276	0
277	4	277	0	277	0	277	-176	277	965776	277	16	277	1562	277	-7419	277	2012	277	2	277	1	277	9	277	-0.011221176	277	0.0146738458	277	0.009494841	277	0	277	0	277	0	277	0	277	0	277	0	277	0	277	0	277	-16	277	-0.0241769869	277	0.0227730088	277	0.0150924847	277	0	277	0	277	0
278	4	278	0	278	0	278	-172	278	965780	278	8	278	1913	278	-7540	278	-1605	278	-1	278	1	278	7	278	-0.0146738458	278	0.0138106784	278	0.006905339	278	0	278	0	278	0	278	0	278	0	278	0	278	0	278	0	278	-8	278	-0.0241769869	278	0.0227730088	278	0.0182556584	278	0	278	0	278	0
279	4	279	0	279	0	279	-156	279	965772	279	4	279	6736	279	-10581	279	-1700	279	0	279	0	279	11	279	-0.0138106784	279	0.0129475109	279	0.0120843435	279	0	279	0	279	0	279	0	279	0	279	0	279	0	279	0	279	-4	279	-0.0241769869	279	0.0227730088	279	0.01847177	279	0	279	0	279	0
280	4	280	0	280	0	280	-156	280	965784	280	4	280	4187	280	-3752	280	-2630	280	1	280	1	280	9	280	-0.0120843435	280	0.0138106784	280	0.009494841	280	0	280	0	280	0	280	0	280	0	280	0	280	0	280	0	280	-4	280	-0.0241769869	280	0.0227730088	280	0.0192391984	280	0	280	0	280	0
281	4	281	0	281	0	281	-144	281	965780	281	12	281	5486	281	-8662	281	92	281	0	281	-1	281	8	281	-0.0138106784	281	0.011221176	281	0.008631674	281	0	281	0	281	0	281	0	281	0	281	0	281	0	281	0	281	-12	281	-0.0241769869	281	0.0227730088	281	0.01674382	281	0	281	0	281	0
282	4	282	0	282	0	282	-132	282	965780	282	4	282	6433	282	-7847	282	-5897	282	-1	282	1	282	7	282	-0.0155370133	282	0.0138106784	282	0.006905339	282	0	282	0	282	0	282	0	282	0	282	0	282	0	282	0	282	-4	282	-0.0241769869	282	0.0227730088	282	0.0220972653	282	0	282	0	282	0
283	4	283	0	283	0	283	-124	283	965780	283	8	283	5163	283	-9066	283	-697	283	2	283	1	283	9	283	-0.0103580086	283	0.0146738458	283	0.0103580086	283	0	283	0	283	0	283	0	283	0	283	0	283	0	283	0	283	-8	283	-0.0241769869	283	0.0227730088	283	0.0175064951	283	0	283	0	283	0
284	4	284	0	284	0	284	-108	284	965784	284	4	284	9480	284	-4298	284	-2743	284	1	284	1	284	8	284	-0.0129475109	284	0.0138106784	284	0.008631674	284	0	284	0	284	0	284	0	284	0	284	0	284	0	284	0	284	-4	284	-0.0241769869	284	0.0227730088	284	0.0193603318	284	0	284	0	284	0
285	4	285	0	285	0	285	-96	285	965788	285	4	285	10899	285	-8972	285	-1713	285	-1	285	0	285	9	285	-0.0146738458	285	0.0129475109	285	0.009494841	285	0	285	0	285	0	285	0	285	0	285	0	285	0	285	0	285	-4	285	-0.0243114047	285	0.0227730088	285	0.01849839	285	0	285	0	285	0
286	4	286	0	286	0	286	-84	286	965784	286	8	286	7561	286	-7191	286	-408	286	1	286	1	286	9	286	-0.0129475109	286	0.0138106784	286	0.009494841	286	0	286	0	286	0	286	0	286	0	286	0	286	0	286	0	286	-8	286	-0.0243114047	286	0.0227730088	286	0.0173373781	286	0	286	0	286	0
287	4	287	0	287	0	287	-64	287	965784	287	0	287	9299	287	-6377	287	-4695	287	1	287	2	287	11	287	-0.0129475109	287	0.0155370133	287	0.0120843435	287	0	287	0	287	0	287	0	287	0	287	0	287	0	287	0	287	0	287	-0.0243114047	287	0.0227730088	287	0.0213439222	287	0	287	0	287	0
288	4	288	0	288	0	288	-56	288	965792	288	8	288	7609	288	-6962	288	1101	288	-2	288	-1	288	9	288	-0.01640018	288	0.0120843435	288	0.009494841	288	0	288	0	288	0	288	0	288	0	288	0	288	0	288	0	288	-8	288	-0.0243114047	288	0.0227730088	288	0.0161305871	288	0	288	0	288	0
289	4	289	0	289	0	289	-36	289	965788	289	8	289	10281	289	-8351	289	-532	289	0	289	1	289	9	289	-0.0138106784	289	0.0138106784	289	0.0103580086	289	0	289	0	289	0	289	0	289	0	289	0	289	0	289	0	289	-8	289	-0.0243114047	289	0.0227730088	289	0.0176668391	289	0	289	0	289	0
290	4	290	0	290	0	290	-24	290	965792	290	0	290	7558	290	-6290	290	-3052	290	1	290	1	290	9	290	-0.0120843435	290	0.0146738458	290	0.0103580086	290	0	290	0	290	0	290	0	290	0	290	0	290	0	290	0	290	0	290	-0.0243114047	290	0.0227730088	290	0.0200525373	290	0	290	0	290	0
291	4	291	0	291	0	291	-16	291	965788	291	4	291	6802	291	-12191	291	-940	291	-1	291	0	291	9	291	-0.0146738458	291	0.0129475109	291	0.0103580086	291	0	291	0	291	0	291	0	291	0	291	0	291	0	291	0	291	-4	291	-0.0243114047	291	0.0227730088	291	0.0182062238	291	0	291	0	291	0
292	4	292	0	292	0	292	0	292	965808	292	4	292	7033	292	-1265	292	1592	292	-1	292	1	292	9	292	-0.0146738458	292	0.0138106784	292	0.009494841	292	0	292	0	292	0	292	0	292	0	292	0	292	0	292	0	292	-4	292	-0.0243114047	292	0.0227730088	292	0.01589612	292	0	292	0	292	0
293	4	293	0	293	0	293	16	293	965800	293	0	293	9257	293	-3840	293	1270	293	2	293	0	293	10	293	-0.0103580086	293	0.0129475109	293	0.011221176	293	0	293	0	293	0	293	0	293	0	293	0	293	0	293	0	293	0	293	-0.0243114047	293	0.0227730088	293	0.01620517	293	0	293	0	293	0
294	4	294	0	294	0	294	20	294	965796	294	0	294	3722	294	-8250	294	149	294	-1	294	-1	294	10	294	-0.0146738458	294	0.0120843435	294	0.011221176	294	0	294	0	294	0	294	0	294	0	294	0	294	0	294	0	294	0	294	-0.0243114047	294	0.0227730088	294	0.0172594059	294	0	294	0	294	0
295	4	295	0	295	0	295	28	295	965800	295	-4	295	7217	295	-7677	295	-1886	295	0	295	0	295	9	295	-0.0138106784	295	0.0129475109	295	0.0103580086	295	0	295	0	295	0	295	0	295	0	295	0	295	0	295	0	295	4	295	-0.0244374443	295	0.0227730088	295	0.0191732254	295	0	295	0	295	0
296	4	296	0	296	0	296	32	296	965796	296	-4	296	1912	296	-8697	296	-2461	296	0	296	0	296	9	296	-0.0138106784	296	0.0129475109	296	0.0103580086	296	0	296	0	296	0	296	0	296	0	296	0	296	0	296	0	296	4	296	-0.0244374443	296	0.0227730088	296	0.0197930839	296	0	296	0	296	0
297	4	297	0	297	0	297	48	297	965800	297	0	297	6190	297	-7761	297	44	297	1	297	1	297	10	297	-0.0120843435	297	0.0138106784	297	0.011221176	297	0	297	0	297	0	297	0	297	0	297	0	297	0	297	0	297	0	297	-0.0244374443	297	0.0227730088	297	0.01740221	297	0	297	0	297	0
298	4	298	0	298	0	298	56	298	965800	298	4	298	4979	298	-9556	298	-544	298	0	298	1	298	11	298	-0.0138106784	298	0.0138106784	298	0.0120843435	298	0	298	0	298	0	298	0	298	0	298	0	298	0	298	0	298	-4	298	-0.0244374443	298	0.0227730088	298	0.0179535374	298	0	298	0	298	0
299	4	299	0	299	0	299	52	299	965804	299	0	299	2489	299	-8636	299	2097	299	0	299	0	299	11	299	-0.0138106784	299	0.0129475109	299	0.0120843435	299	0	299	0	299	0	299	0	299	0	299	0	299	0	299	0	299	0	299	-0.0244374443	299	0.0227730088	299	0.0157060139	299	0	299	0	299	0
300	4	300	0	300	0	300	52	300	965800	300	0	300	560	300	-9296	300	112	300	1	300	-1	300	8	300	-0.0129475109	300	0.0120843435	300	0.008631674	300	0	300	0	300	0	300	0	300	0	300	0	300	0	300	0	300	0	300	-0.0244374443	300	0.0227730088	300	0.0175672974	300	0	300	0	300	0
301	4	301	0	301	0	301	52	301	965804	301	0	301	663	301	-7480	301	1594	301	-1	301	1	301	9	301	-0.0155370133	301	0.0138106784	301	0.0103580086	301	0	301	0	301	0	301	0	301	0	301	0	301	0	301	0	301	0	301	-0.0244374443	301	0.0227730088	301	0.01620627	301	0	301	0	301	0
302	4	302	0	302	0	302	60	302	965808	302	-12	302	1407	302	-6723	302	-1647	302	0	302	1	302	10	302	-0.0138106784	302	0.0138106784	302	0.011221176	302	0	302	0	302	0	302	0	302	0	302	0	302	0	302	0	302	12	302	-0.0244374443	302	0.0227730088	302	0.0194914714	302	0	302	0	302	0
303	4	303	0	303	0	303	56	303	965804	303	-4	303	3512	303	-9055	303	-2104	303	1	303	1	303	9	303	-0.0129475109	303	0.0138106784	303	0.0103580086	303	0	303	0	303	0	303	0	303	0	303	0	303	0	303	0	303	4	303	-0.0244374443	303	0.0227730088	303	0.0197659545	303	0	303	0	303	0
304	4	304	0	304	0	304	56	304	965796	304	0	304	-1828	304	-8825	304	1208	304	-1	304	1	304	8	304	-0.0146738458	304	0.0138106784	304	0.008631674	304	0	304	0	304	0	304	0	304	0	304	0	304	0	304	0	304	0	304	-0.0244374443	304	0.0227730088	304	0.0167290978	304	0	304	0	304	0
305	4	305	0	305	0	305	52	305	965804	305	-4	305	-369	305	-9127	305	-959	305	0	305	1	305	10	305	-0.0138106784	305	0.0138106784	305	0.011221176	305	0	305	0	305	0	305	0	305	0	305	0	305	0	305	0	305	4	305	-0.0244374443	305	0.0227730088	305	0.01883407	305	0	305	0	305	0
306	4	306	0	306	0	306	48	306	965800	306	-8	306	-1348	306	-7780	306	1152	306	2	306	0	306	10	306	-0.0103580086	306	0.0129475109	306	0.011221176	306	0	306	0	306	0	306	0	306	0	306	0	306	0	306	0	306	8	306	-0.0244374443	306	0.0227730088	306	0.016848173	306	0	306	0	306	0
307	4	307	0	307	0	307	36	307	965796	307	4	307	-3943	307	-9520	307	2258	307	-1	307	-1	307	9	307	-0.0146738458	307	0.0120843435	307	0.0103580086	307	0	307	0	307	0	307	0	307	0	307	0	307	0	307	0	307	-4	307	-0.0244374443	307	0.0227730088	307	0.0156498943	307	0	307	0	307	0
308	4	308	0	308	0	308	32	308	965800	308	-12	308	-5579	308	-8077	308	-2843	308	-1	308	1	308	9	308	-0.0155370133	308	0.0138106784	308	0.0103580086	308	0	308	0	308	0	308	0	308	0	308	0	308	0	308	0	308	12	308	-0.0244374443	308	0.0227730088	308	0.0205445569	308	0	308	0	308	0
309	4	309	0	309	0	309	28	309	965800	309	-4	309	-3845	309	-7190	309	1402	309	2	309	1	309	8	309	-0.0103580086	309	0.0138106784	309	0.00776850665	309	0	309	0	309	0	309	0	309	0	309	0	309	0	309	0	309	4	309	-0.0244374443	309	0.0227730088	309	0.0165276229	309	0	309	0	309	0
310	4	310	0	310	0	310	16	310	965792	310	4	310	-6746	310	-9640	310	2786	310	-1	310	1	310	9	310	-0.0155370133	310	0.0138106784	310	0.009494841	310	0	310	0	310	0	310	0	310	0	310	0	310	0	310	0	310	-4	310	-0.0243114047	310	0.0227730088	310	0.0149672218	310	0	310	0	310	0
311	4	311	0	311	0	311	0	311	965800	311	-8	311	-8614	311	-7904	311	990	311	-1	311	-1	311	9	311	-0.0146738458	311	0.0120843435	311	0.0103580086	311	0	311	0	311	0	311	0	311	0	311	0	311	0	311	0	311	8	311	-0.0243114047	311	0.0227730088	311	0.0168599673	311	0	311	0	311	0
312	4	312	0	312	0	312	-8	312	965796	312	4	312	-10180	312	-6868	312	2939	312	1	312	1	312	9	312	-0.0129475109	312	0.0146738458	312	0.0103580086	312	0	312	0	312	0	312	0	312	0	312	0	312	0	312	0	312	-4	312	-0.0243114047	312	0.0227730088	312	0.0149059333	312	0	312	0	312	0
313	4	313	0	313	0	313	-28	313	965796	313	0	313	-10193	313	-7921	313	-629	313	1	313	1	313	9	313	-0.0129475109	313	0.0138106784	313	0.009494841	313	0	313	0	313	0	313	0	313	0	313	0	313	0	313	0	313	0	313	-0.0243114047	313	0.0227730088	313	0.0180402882	313	0	313	0	313	0
314	4	314	0	314	0	314	-44	314	965796	314	0	314	-9753	314	-8320	314	-2138	314	0	314	1	314	9	314	-0.0138106784	314	0.0138106784	314	0.009494841	314	0	314	0	314	0	314	0	314	0	314	0	314	0	314	0	314	0	314	-0.0243114047	314	0.0227730088	314	0.0194109268	314	0	314	0	314	0
315	4	315	0	315	0	315	-56	315	965800	315	8	315	-8186	315	-5437	315	3337	315	0	315	1	315	10	315	-0.0138106784	315	0.0146738458	315	0.011221176	315	0	315	0	315	0	315	0	315	0	315	0	315	0	315	0	315	-8	315	-0.0243114047	315	0.0227730088	315	0.014305329	315	0	315	0	315	0
316	4	316	0	316	0	316	-68	316	965796	316	4	316	-7524	316	-6568	316	-383	316	2	316	1	316	10	316	-0.011221176	316	0.0138106784	316	0.011221176	316	0	316	0	316	0	316	0	316	0	316	0	316	0	316	0	316	-4	316	-0.0243114047	316	0.0227730088	316	0.0176199283	316	0	316	0	316	0
317	4	317	0	317	0	317	-72	317	965796	317	4	317	-3485	317	-9521	317	3632	317	-1	317	-1	317	9	317	-0.0155370133	317	0.0120843435	317	0.0103580086	317	0	317	0	317	0	317	0	317	0	317	0	317	0	317	0	317	-4	317	-0.0243114047	317	0.0227730088	317	0.0139170568	317	0	317	0	317	0
318	4	318	0	318	0	318	-76	318	965792	318	8	318	-402	318	-7062	318	2971	318	0	318	0	318	10	318	-0.0138106784	318	0.0129475109	318	0.011221176	318	0	318	0	318	0	318	0	318	0	318	0	318	0	318	0	318	-8	318	-0.0243114047	318	0.0227730088	318	0.0144611541	318	0	318	0	318	0
319	4	319	0	319	0	319	-80	319	965788	319	8	319	-132	319	-10449	319	1958	319	1	319	-1	319	10	319	-0.0120843435	319	0.0120843435	319	0.011221176	319	0	319	0	319	0	319	0	319	0	319	0	319	0	319	0	319	-8	319	-0.0243114047	319	0.0227730088	319	0.0154548064	319	0	319	0	319	0
320	4	320	0	320	0	320	-84	320	965796	320	4	320	-2524	320	-6342	320	859	320	-1	320	0	320	8	320	-0.0155370133	320	0.0129475109	320	0.008631674	320	0	320	0	320	0	320	0	320	0	320	0	320	0	320	0	320	-4	320	-0.0243114047	320	0.0227730088	320	0.0161518138	320	0	320	0	320	0
321	4	321	0	321	0	321	-80	321	965792	321	16	321	1192	321	-9061	321	3919	321	-1	321	-1	321	10	321	-0.0146738458	321	0.0120843435	321	0.011221176	321	0	321	0	321	0	321	0	321	0	321	0	321	0	321	0	321	-16	321	-0.0243114047	321	0.0227730088	321	0.013499992	321	0	321	0	321	0
322	4	322	0	322	0	322	-80	322	965788	322	16	322	1666	322	-8493	322	1162	322	3	322	1	322	8	322	-0.009494841	322	0.0138106784	322	0.00776850665	322	0	322	0	322	0	322	0	322	0	322	0	322	0	322	0	322	-16	322	-0.0243114047	322	0.0227730088	322	0.0157205053	322	0	322	0	322	0
323	4	323	0	323	0	323	-84	323	965788	323	4	323	-485	323	-8837	323	-2723	323	-1	323	1	323	10	323	-0.0146738458	323	0.0138106784	323	0.011221176	323	0	323	0	323	0	323	0	323	0	323	0	323	0	323	0	323	-4	323	-0.0243114047	323	0.0227730088	323	0.0193499327	323	0	323	0	323	0
324	4	324	0	324	0	324	-92	324	965792	324	4	324	-2643	324	-6878	324	-2332	324	-2	324	-1	324	9	324	-0.01640018	324	0.0120843435	324	0.009494841	324	0	324	0	324	0	324	0	324	0	324	0	324	0	324	0	324	-4	324	-0.0243114047	324	0.0227730088	324	0.0189567972	324	0	324	0	324	0
325	4	325	0	325	0	325	-84	325	965788	325	12	325	-2346	325	-8520	325	-513	325	1	325	-1	325	10	325	-0.0129475109	325	0.0120843435	325	0.011221176	325	0	325	0	325	0	325	0	325	0	325	0	325	0	325	0	325	-12	325	-0.0243114047	325	0.0227730088	325	0.0171712153	325	0	325	0	325	0
326	4	326	0	326	0	326	-96	326	965784	326	8	326	-2484	326	-8265	326	-509	326	0	326	1	326	9	326	-0.0138106784	326	0.0138106784	326	0.009494841	326	0	326	0	326	0	326	0	326	0	326	0	326	0	326	0	326	-8	326	-0.0243114047	326	0.0227730088	326	0.0171869043	326	0	326	0	326	0
327	4	327	0	327	0	327	-92	327	965784	327	12	327	-1681	327	-8363	327	1378	327	-1	327	1	327	9	327	-0.0146738458	327	0.0138106784	327	0.0103580086	327	0	327	0	327	0	327	0	327	0	327	0	327	0	327	0	327	-12	327	-0.0243114047	327	0.0227730088	327	0.0155561753	327	0	327	0	327	0
328	4	328	0	328	0	328	-84	328	965788	328	8	328	186	328	-7828	328	-1106	328	3	328	1	328	8	328	-0.009494841	328	0.0138106784	328	0.008631674	328	0	328	0	328	0	328	0	328	0	328	0	328	0	328	0	328	-8	328	-0.0243114047	328	0.0227730088	328	0.0176704321	328	0	328	0	328	0
329	4	329	0	329	0	329	-84	329	965792	329	12	329	282	329	-6619	329	2808	329	1	329	0	329	10	329	-0.0120843435	329	0.0129475109	329	0.011221176	329	0	329	0	329	0	329	0	329	0	329	0	329	0	329	0	329	-12	329	-0.0243114047	329	0.0227730088	329	0.014419606	329	0	329	0	329	0
330	4	330	0	330	0	330	-92	330	965788	330	20	330	164	330	-8687	330	6567	330	-1	330	0	330	8	330	-0.0146738458	330	0.0129475109	330	0.00776850665	330	0	330	0	330	0	330	0	330	0	330	0	330	0	330	0	330	-20	330	-0.0243114047	330	0.0227730088	330	0.0105795171	330	0	330	0	330	0
331	4	331	0	331	0	331	-84	331	965788	331	12	331	2354	331	-5676	331	-1297	331	1	331	1	331	9	331	-0.0129475109	331	0.0138106784	331	0.0103580086	331	0	331	0	331	0	331	0	331	0	331	0	331	0	331	0	331	-12	331	-0.0243114047	331	0.0227730088	331	0.01778894	331	0	331	0	331	0
332	4	332	0	332	0	332	-72	332	965788	332	4	332	4691	332	-8344	332	-1035	332	1	332	0	332	9	332	-0.0129475109	332	0.0129475109	332	0.009494841	332	0	332	0	332	0	332	0	332	0	332	0	332	0	332	0	332	-4	332	-0.0243114047	332	0.0227730088	332	0.0177451633	332	0	332	0	332	0
333	4	333	0	333	0	333	-68	333	965792	333	4	333	3952	333	-6380	333	635	333	-1	333	0	333	9	333	-0.0146738458	333	0.0129475109	333	0.0103580086	333	0	333	0	333	0	333	0	333	0	333	0	333	0	333	0	333	-4	333	-0.0243114047	333	0.0227730088	333	0.0161006358	333	0	333	0	333	0
334	4	334	0	334	0	334	-68	334	965788	334	12	334	2458	334	-6925	334	-793	334	-1	334	-1	334	11	334	-0.0146738458	334	0.0120843435	334	0.0129475109	334	0	334	0	334	0	334	0	334	0	334	0	334	0	334	0	334	-12	334	-0.0243114047	334	0.0227730088	334	0.0173334833	334	0	334	0	334	0
335	4	335	0	335	0	335	-48	335	965792	335	8	335	9095	335	-6667	335	-2274	335	2	335	-1	335	7	335	-0.011221176	335	0.0120843435	335	0.00604217174	335	0	335	0	335	0	335	0	335	0	335	0	335	0	335	0	335	-8	335	-0.0243114047	335	0.0227730088	335	0.0186240338	335	0	335	0	335	0
336	4	336	0	336	0	336	-44	336	965784	336	12	336	5997	336	-8997	336	2440	336	-1	336	-1	336	9	336	-0.0155370133	336	0.0120843435	336	0.0103580086	336	0	336	0	336	0	336	0	336	0	336	0	336	0	336	0	336	-12	336	-0.0243114047	336	0.0227730088	336	0.0144760795	336	0	336	0	336	0
337	4	337	0	337	0	337	-32	337	965788	337	8	337	6159	337	-8923	337	-196	337	0	337	0	337	11	337	-0.0138106784	337	0.0129475109	337	0.0120843435	337	0	337	0	337	0	337	0	337	0	337	0	337	0	337	0	337	-8	337	-0.0243114047	337	0.0227730088	337	0.0169700366	337	0	337	0	337	0
338	4	338	0	338	0	338	-20	338	965792	338	8	338	6114	338	-6122	338	-1832	338	3	338	1	338	9	338	-0.008631674	338	0.0138106784	338	0.0103580086	338	0	338	0	338	0	338	0	338	0	338	0	338	0	338	0	338	-8	338	-0.0243114047	338	0.0227730088	338	0.0183806885	338	0	338	0	338	0
339	4	339	0	339	0	339	-8	339	965792	339	4	339	7071	339	-6735	339	-2940	339	-2	339	0	339	10	339	-0.01640018	339	0.0129475109	339	0.011221176	339	0	339	0	339	0	339	0	339	0	339	0	339	0	339	0	339	-4	339	-0.0243114047	339	0.0227730088	339	0.0195639711	339	0	339	0	339	0
340	4	340	0	340	0	340	-8	340	965788	340	4	340	4196	340	-9010	340	2	340	-2	340	1	340	9	340	-0.01640018	340	0.0138106784	340	0.0103580086	340	0	340	0	340	0	340	0	340	0	340	0	340	0	340	0	340	-4	340	-0.0243114047	340	0.0227730088	340	0.0170169361	340	0	340	0	340	0
341	4	341	0	341	0	341	0	341	965788	341	0	341	5023	341	-7967	341	-3210	341	1	341	1	341	7	341	-0.0120843435	341	0.0138106784	341	0.00604217174	341	0	341	0	341	0	341	0	341	0	341	0	341	0	341	0	341	0	341	-0.0243114047	341	0.0227730088	341	0.0198433455	341	0	341	0	341	0
342	4	342	0	342	0	342	0	342	965792	342	4	342	2459	342	-7201	342	2969	342	1	342	-1	342	9	342	-0.0129475109	342	0.0120843435	342	0.0103580086	342	0	342	0	342	0	342	0	342	0	342	0	342	0	342	0	342	-4	342	-0.0243114047	342	0.0227730088	342	0.0144186188	342	0	342	0	342	0
343	4	343	0	343	0	343	8	343	965796	343	8	343	376	343	-4797	343	-571	343	0	343	-1	343	10	343	-0.0138106784	343	0.0120843435	343	0.011221176	343	0	343	0	343	0	343	0	343	0	343	0	343	0	343	0	343	-8	343	-0.0243114047	343	0.0227730088	343	0.0174570661	343	0	343	0	343	0
344	4	344	0	344	0	344	8	344	965796	344	4	344	632	344	-6863	344	3014	344	1	344	1	344	11	344	-0.0129475109	344	0.0138106784	344	0.0120843435	344	0	344	0	344	0	344	0	344	0	344	0	344	0	344	0	344	-4	344	-0.0243114047	344	0.0227730088	344	0.0145032108	344	0	344	0	344	0
345	4	345	0	345	0	345	12	345	965796	345	0	345	2326	345	-3835	345	-5968	345	2	345	-1	345	8	345	-0.011221176	345	0.0120843435	345	0.008631674	345	0	345	0	345	0	345	0	345	0	345	0	345	0	345	0	345	0	345	-0.0243114047	345	0.0227730088	345	0.0224451888	345	0	345	0	345	0
346	4	346	0	346	0	346	16	346	965800	346	0	346	1512	346	-5949	346	338	346	-1	346	-1	346	7	346	-0.0155370133	346	0.0120843435	346	0.006905339	346	0	346	0	346	0	346	0	346	0	346	0	346	0	346	0	346	0	346	-0.0243114047	346	0.0227730088	346	0.01686655	346	0	346	0	346	0
347	4	347	0	347	0	347	20	347	965792	347	4	347	2197	347	-8015	347	795	347	1	347	1	347	10	347	-0.0120843435	347	0.0138106784	347	0.011221176	347	0	347	0	347	0	347	0	347	0	347	0	347	0	347	0	347	-4	347	-0.0243114047	347	0.0227730088	347	0.01631529	347	0	347	0	347	0
348	4	348	0	348	0	348	20	348	965792	348	4	348	1881	348	-7489	348	-452	348	0	348	1	348	11	348	-0.0138106784	348	0.0138106784	348	0.0129475109	348	0	348	0	348	0	348	0	348	0	348	0	348	0	348	0	348	-4	348	-0.0243114047	348	0.0227730088	348	0.01767973	348	0	348	0	348	0
349	4	349	0	349	0	349	20	349	965792	349	-4	349	871	349	-9361	349	-2350	349	-2	349	1	349	9	349	-0.01640018	349	0.0138106784	349	0.009494841	349	0	349	0	349	0	349	0	349	0	349	0	349	0	349	0	349	4	349	-0.0243114047	349	0.0227730088	349	0.01931517	349	0	349	0	349	0
350	4	350	0	350	0	350	16	350	965796	350	0	350	-2598	350	-4317	350	-2263	350	1	350	1	350	7	350	-0.0120843435	350	0.0138106784	350	0.006905339	350	0	350	0	350	0	350	0	350	0	350	0	350	0	350	0	350	0	350	-0.0243114047	350	0.0227730088	350	0.0191031024	350	0	350	0	350	0
351	4	351	0	351	0	351	16	351	965792	351	4	351	-1257	351	-9044	351	3969	351	3	351	1	351	9	351	-0.008631674	351	0.0146738458	351	0.009494841	351	0	351	0	351	0	351	0	351	0	351	0	351	0	351	0	351	-4	351	-0.0243114047	351	0.0227730088	351	0.0135463886	351	0	351	0	351	0
352	4	352	0	352	0	352	16	352	965792	352	4	352	545	352	-8804	352	1809	352	-1	352	1	352	9	352	-0.0146738458	352	0.0146738458	352	0.0103580086	352	0	352	0	352	0	352	0	352	0	352	0	352	0	352	0	352	-4	352	-0.0243114047	352	0.0227730088	352	0.0154291987	352	0	352	0	352	0
353	4	353	0	353	0	353	16	353	965788	353	0	353	575	353	-8307	353	-2372	353	-1	353	0	353	9	353	-0.0146738458	353	0.0129475109	353	0.0103580086	353	0	353	0	353	0	353	0	353	0	353	0	353	0	353	0	353	0	353	-0.0243114047	353	0.0227730088	353	0.0194048844	353	0	353	0	353	0
354	4	354	0	354	0	354	8	354	965796	354	4	354	-3125	354	-6423	354	1603	354	2	354	-1	354	8	354	-0.011221176	354	0.0120843435	354	0.008631674	354	0	354	0	354	0	354	0	354	0	354	0	354	0	354	0	354	-4	354	-0.0243114047	354	0.0227730088	354	0.015580032	354	0	354	0	354	0
355	4	355	0	355	0	355	8	355	965788	355	0	355	-3524	355	-7570	355	-851	355	-1	355	1	355	9	355	-0.0146738458	355	0.0138106784	355	0.0103580086	355	0	355	0	355	0	355	0	355	0	355	0	355	0	355	0	355	0	355	-0.0243114047	355	0.0227730088	355	0.0179358236	355	0	355	0	355	0
356	4	356	0	356	0	356	4	356	965796	356	4	356	1264	356	-8807	356	923	356	-1	356	-1	356	9	356	-0.0155370133	356	0.0120843435	356	0.0103580086	356	0	356	0	356	0	356	0	356	0	356	0	356	0	356	0	356	-4	356	-0.0243114047	356	0.0227730088	356	0.0162898432	356	0	356	0	356	0
357	4	357	0	357	0	357	-8	357	965792	357	4	357	-6118	357	-7793	357	-1601	357	3	357	0	357	9	357	-0.008631674	357	0.0129475109	357	0.0103580086	357	0	357	0	357	0	357	0	357	0	357	0	357	0	357	0	357	-4	357	-0.0243114047	357	0.0227730088	357	0.01839542	357	0	357	0	357	0
358	4	358	0	358	0	358	-24	358	965792	358	4	358	-6091	358	-8075	358	719	358	-1	358	1	358	9	358	-0.0146738458	358	0.0138106784	358	0.009494841	358	0	358	0	358	0	358	0	358	0	358	0	358	0	358	0	358	-4	358	-0.0243114047	358	0.0227730088	358	0.0163594279	358	0	358	0	358	0
359	4	359	0	359	0	359	-36	359	965792	359	0	359	-9025	359	-8186	359	556	359	-1	359	0	359	8	359	-0.0155370133	359	0.0129475109	359	0.008631674	359	0	359	0	359	0	359	0	359	0	359	0	359	0	359	0	359	0	359	-0.0243114047	359	0.0227730088	359	0.0165481661	359	0	359	0	359	0
360	4	360	0	360	0	360	-40	360	965788	360	4	360	-5313	360	-9010	360	-452	360	1	360	1	360	8	360	-0.0120843435	360	0.0146738458	360	0.00776850665	360	0	360	0	360	0	360	0	360	0	360	0	360	0	360	0	360	-4	360	-0.0243114047	360	0.0227730088	360	0.0173018966	360	0	360	0	360	0
361	4	361	0	361	0	361	-52	361	965792	361	0	361	-6787	361	-5857	361	-715	361	2	361	-1	361	9	361	-0.011221176	361	0.0120843435	361	0.009494841	361	0	361	0	361	0	361	0	361	0	361	0	361	0	361	0	361	0	361	-0.0243114047	361	0.0227730088	361	0.017742319	361	0	361	0	361	0
362	4	362	0	362	0	362	-64	362	965788	362	8	362	-6344	362	-9072	362	1050	362	-2	362	1	362	9	362	-0.01640018	362	0.0138106784	362	0.009494841	362	0	362	0	362	0	362	0	362	0	362	0	362	0	362	0	362	-8	362	-0.0243114047	362	0.0227730088	362	0.0158711281	362	0	362	0	362	0
363	4	363	0	363	0	363	-72	363	965784	363	8	363	-4545	363	-8516	363	-251	363	1	363	1	363	9	363	-0.0129475109	363	0.0138106784	363	0.0103580086	363	0	363	0	363	0	363	0	363	0	363	0	363	0	363	0	363	-8	363	-0.0243114047	363	0.0227730088	363	0.01702086	363	0	363	0	363	0
364	4	364	0	364	0	364	-76	364	965784	364	0	364	-3352	364	-9619	364	-3058	364	1	364	-1	364	8	364	-0.0120843435	364	0.0120843435	364	0.008631674	364	0	364	0	364	0	364	0	364	0	364	0	364	0	364	0	364	0	364	-0.0243114047	364	0.0227730088	364	0.019604912	364	0	364	0	364	0
365	4	365	0	365	0	365	-80	365	965780	365	0	365	-339	365	-8951	365	-2458	365	-2	365	1	365	10	365	-0.01640018	365	0.0138106784	365	0.011221176	365	0	365	0	365	0	365	0	365	0	365	0	365	0	365	0	365	0	365	-0.0243114047	365	0.0227730088	365	0.0190314259	365	0	365	0	365	0
366	4	366	0	366	0	366	-92	366	965784	366	8	366	-3642	366	-5804	366	-454	366	-1	366	0	366	9	366	-0.0146738458	366	0.0129475109	366	0.009494841	366	0	366	0	366	0	366	0	366	0	366	0	366	0	366	0	366	-8	366	-0.0243114047	366	0.0227730088	366	0.0170215424	366	0	366	0	366	0
367	4	367	0	367	0	367	-96	367	965780	367	12	367	-1573	367	-10890	367	1110	367	1	367	0	367	9	367	-0.0129475109	367	0.0129475109	367	0.0103580086	367	0	367	0	367	0	367	0	367	0	367	0	367	0	367	0	367	-12	367	-0.0243114047	367	0.0227730088	367	0.0156350322	367	0	367	0	367	0
368	4	368	0	368	0	368	-104	368	965780	368	4	368	-3223	368	-7048	368	-2667	368	-1	368	-1	368	9	368	-0.0155370133	368	0.011221176	368	0.009494841	368	0	368	0	368	0	368	0	368	0	368	0	368	0	368	0	368	-4	368	-0.0243114047	368	0.0227730088	368	0.0190849323	368	0	368	0	368	0
369	4	369	0	369	0	369	-108	369	965776	369	12	369	-2760	369	-8521	369	87	369	-1	369	1	369	9	369	-0.0146738458	369	0.0138106784	369	0.009494841	369	0	369	0	369	0	369	0	369	0	369	0	369	0	369	0	369	-12	369	-0.0241769869	369	0.0227730088	369	0.0165973064	369	0	369	0	369	0
370	4	370	0	370	0	370	-108	370	965776	370	4	370	-2003	370	-8690	370	-1570	370	2	370	-1	370	10	370	-0.011221176	370	0.0120843435	370	0.011221176	370	0	370	0	370	0	370	0	370	0	370	0	370	0	370	0	370	-4	370	-0.0241769869	370	0.0227730088	370	0.0180613864	370	0	370	0	370	0
371	4	371	0	371	0	371	-112	371	965776	371	8	371	-5426	371	-6637	371	1900	371	0	371	1	371	8	371	-0.0138106784	371	0.0138106784	371	0.00776850665	371	0	371	0	371	0	371	0	371	0	371	0	371	0	371	0	371	-8	371	-0.0241769869	371	0.0227730088	371	0.0148732271	371	0	371	0	371	0
372	4	372	0	372	0	372	-116	372	965772	372	8	372	378	372	-8255	372	-480	372	0	372	1	372	9	372	-0.0138106784	372	0.0146738458	372	0.009494841	372	0	372	0	372	0	372	0	372	0	372	0	372	0	372	0	372	-8	372	-0.0241769869	372	0.0227730088	372	0.0169754159	372	0	372	0	372	0
EOF
